split,model,native_cadence_hours,product,hourly_threshold_mm,metric_threshold,threshold_unit,verification_unit,sample_size,observed_events,forecast_events,hits,misses,false_alarms,correct_negatives,POD,FAR,CSI,HSS,frequency_bias,mean_abs_timing_error_h,mean_signed_timing_error_h,amount_MAE,amount_Bias,source_type,lead_aware,status,cadence_tolerance_hours
development_2023_2025,ECMWF_HRES,1,strict_hourly,0.1,0.1,value per source interval,sample,25729,2194,509,65,2129,444,23091,0.0296,0.8723,0.0246,0.0165,0.232,0.0,0.0,,,continuous_historical,False,shadow_only,
development_2023_2025,ECMWF_HRES,1,episode_pm1h,0.1,0.1,value per source interval,one_to_one_episode,25729,1115,53,7,1108,46,,0.0063,0.8679,0.006,,0.04753,0.714,-0.143,1.743,-0.143,continuous_historical,False,shadow_only,
development_2023_2025,ECMWF_HRES,1,episode_pm2h,0.1,0.1,value per source interval,one_to_one_episode,25729,1115,53,12,1103,41,,0.0108,0.7736,0.0104,,0.04753,1.25,-0.25,1.142,0.042,continuous_historical,False,shadow_only,
development_2023_2025,ECMWF_HRES,1,cadence_aware_episode,0.1,0.1,value per source interval,one_to_one_episode,25729,1115,53,7,1108,46,,0.0063,0.8679,0.006,,0.04753,0.714,-0.143,1.743,-0.143,continuous_historical,False,shadow_only,1
development_2023_2025,ECMWF_HRES,1,complete_3h_same_numeric,0.1,0.1,value/3h,complete_3h_sum,8539,1420,169,34,1386,135,6984,0.0239,0.7988,0.0219,0.0077,0.11901,0.0,0.0,4.027,-3.978,continuous_historical,False,shadow_only,
development_2023_2025,ECMWF_HRES,1,complete_3h_rate_equivalent,0.1,0.30000000000000004,value/3h,complete_3h_sum,8539,840,169,27,813,142,7557,0.0321,0.8402,0.0275,0.0213,0.20119,0.0,0.0,6.715,-6.641,continuous_historical,False,shadow_only,
development_2023_2025,ECMWF_HRES,1,strict_hourly,1.0,1.0,value per source interval,sample,25729,853,98,9,844,89,24787,0.0106,0.9082,0.0096,0.0122,0.11489,0.0,0.0,,,continuous_historical,False,shadow_only,
development_2023_2025,ECMWF_HRES,1,episode_pm1h,1.0,1.0,value per source interval,one_to_one_episode,25729,523,26,3,520,23,,0.0057,0.8846,0.0055,,0.04971,0.667,0.667,6.033,-6.033,continuous_historical,False,shadow_only,
development_2023_2025,ECMWF_HRES,1,episode_pm2h,1.0,1.0,value per source interval,one_to_one_episode,25729,523,26,4,519,22,,0.0076,0.8462,0.0073,,0.04971,1.0,1.0,4.65,-4.4,continuous_historical,False,shadow_only,
development_2023_2025,ECMWF_HRES,1,cadence_aware_episode,1.0,1.0,value per source interval,one_to_one_episode,25729,523,26,3,520,23,,0.0057,0.8846,0.0055,,0.04971,0.667,0.667,6.033,-6.033,continuous_historical,False,shadow_only,1
development_2023_2025,ECMWF_HRES,1,complete_3h_same_numeric,1.0,1.0,value/3h,complete_3h_sum,8539,652,68,12,640,56,7831,0.0184,0.8235,0.0169,0.0192,0.10429,0.0,0.0,8.452,-8.438,continuous_historical,False,shadow_only,
development_2023_2025,ECMWF_HRES,1,complete_3h_rate_equivalent,1.0,3.0,value/3h,complete_3h_sum,8539,425,32,4,421,28,8086,0.0094,0.875,0.0088,0.0106,0.07529,0.0,0.0,12.053,-12.042,continuous_historical,False,shadow_only,
development_2023_2025,ECMWF_HRES,1,strict_hourly,1.5,1.5,value per source interval,sample,25729,716,59,6,710,53,24960,0.0084,0.8983,0.0078,0.0113,0.0824,0.0,0.0,,,continuous_historical,False,shadow_only,
development_2023_2025,ECMWF_HRES,1,episode_pm1h,1.5,1.5,value per source interval,one_to_one_episode,25729,458,17,2,456,15,,0.0044,0.8824,0.0042,,0.03712,0.5,0.5,8.95,-8.95,continuous_historical,False,shadow_only,
development_2023_2025,ECMWF_HRES,1,episode_pm2h,1.5,1.5,value per source interval,one_to_one_episode,25729,458,17,2,456,15,,0.0044,0.8824,0.0042,,0.03712,0.5,0.5,8.95,-8.95,continuous_historical,False,shadow_only,
development_2023_2025,ECMWF_HRES,1,cadence_aware_episode,1.5,1.5,value per source interval,one_to_one_episode,25729,458,17,2,456,15,,0.0044,0.8824,0.0042,,0.03712,0.5,0.5,8.95,-8.95,continuous_historical,False,shadow_only,1
development_2023_2025,ECMWF_HRES,1,complete_3h_same_numeric,1.5,1.5,value/3h,complete_3h_sum,8539,565,60,9,556,51,7923,0.0159,0.85,0.0146,0.0163,0.10619,0.0,0.0,9.573,-9.557,continuous_historical,False,shadow_only,
development_2023_2025,ECMWF_HRES,1,complete_3h_rate_equivalent,1.5,4.5,value/3h,complete_3h_sum,8539,337,19,2,335,17,8185,0.0059,0.8947,0.0056,0.0071,0.05638,0.0,0.0,14.274,-14.274,continuous_historical,False,shadow_only,
development_2023_2025,ECMWF_HRES,1,strict_hourly,5.0,5.0,value per source interval,sample,25729,343,0,0,343,0,25386,0.0,,0.0,0.0,0.0,,,,,continuous_historical,False,shadow_only,
development_2023_2025,ECMWF_HRES,1,episode_pm1h,5.0,5.0,value per source interval,one_to_one_episode,25729,277,0,0,277,0,,0.0,,0.0,,0.0,,,,,continuous_historical,False,shadow_only,
development_2023_2025,ECMWF_HRES,1,episode_pm2h,5.0,5.0,value per source interval,one_to_one_episode,25729,277,0,0,277,0,,0.0,,0.0,,0.0,,,,,continuous_historical,False,shadow_only,
development_2023_2025,ECMWF_HRES,1,cadence_aware_episode,5.0,5.0,value per source interval,one_to_one_episode,25729,277,0,0,277,0,,0.0,,0.0,,0.0,,,,,continuous_historical,False,shadow_only,1
development_2023_2025,ECMWF_HRES,1,complete_3h_same_numeric,5.0,5.0,value/3h,complete_3h_sum,8539,322,17,2,320,15,8202,0.0062,0.8824,0.0059,0.008,0.0528,0.0,0.0,14.721,-14.721,continuous_historical,False,shadow_only,
development_2023_2025,ECMWF_HRES,1,complete_3h_rate_equivalent,5.0,15.0,value/3h,complete_3h_sum,8539,98,0,0,98,0,8441,0.0,,0.0,0.0,0.0,,,28.564,-28.564,continuous_historical,False,shadow_only,
development_2023_2025,ECMWF_HRES,1,strict_hourly,10.0,10.0,value per source interval,sample,25729,143,0,0,143,0,25586,0.0,,0.0,0.0,0.0,,,,,continuous_historical,False,shadow_only,
development_2023_2025,ECMWF_HRES,1,episode_pm1h,10.0,10.0,value per source interval,one_to_one_episode,25729,117,0,0,117,0,,0.0,,0.0,,0.0,,,,,continuous_historical,False,shadow_only,
development_2023_2025,ECMWF_HRES,1,episode_pm2h,10.0,10.0,value per source interval,one_to_one_episode,25729,117,0,0,117,0,,0.0,,0.0,,0.0,,,,,continuous_historical,False,shadow_only,
development_2023_2025,ECMWF_HRES,1,cadence_aware_episode,10.0,10.0,value per source interval,one_to_one_episode,25729,117,0,0,117,0,,0.0,,0.0,,0.0,,,,,continuous_historical,False,shadow_only,1
development_2023_2025,ECMWF_HRES,1,complete_3h_same_numeric,10.0,10.0,value/3h,complete_3h_sum,8539,159,3,0,159,3,8377,0.0,1.0,0.0,-0.0007,0.01887,,,22.137,-22.137,continuous_historical,False,shadow_only,
development_2023_2025,ECMWF_HRES,1,complete_3h_rate_equivalent,10.0,30.0,value/3h,complete_3h_sum,8539,31,0,0,31,0,8508,0.0,,0.0,0.0,0.0,,,46.148,-46.148,continuous_historical,False,shadow_only,
development_2023_2025,ECMWF_HRES,1,strict_hourly,20.0,20.0,value per source interval,sample,25729,43,0,0,43,0,25686,0.0,,0.0,0.0,0.0,,,,,continuous_historical,False,shadow_only,
development_2023_2025,ECMWF_HRES,1,episode_pm1h,20.0,20.0,value per source interval,one_to_one_episode,25729,40,0,0,40,0,,0.0,,0.0,,0.0,,,,,continuous_historical,False,shadow_only,
development_2023_2025,ECMWF_HRES,1,episode_pm2h,20.0,20.0,value per source interval,one_to_one_episode,25729,40,0,0,40,0,,0.0,,0.0,,0.0,,,,,continuous_historical,False,shadow_only,
development_2023_2025,ECMWF_HRES,1,cadence_aware_episode,20.0,20.0,value per source interval,one_to_one_episode,25729,40,0,0,40,0,,0.0,,0.0,,0.0,,,,,continuous_historical,False,shadow_only,1
development_2023_2025,ECMWF_HRES,1,complete_3h_same_numeric,20.0,20.0,value/3h,complete_3h_sum,8539,67,0,0,67,0,8472,0.0,,0.0,0.0,0.0,,,33.919,-33.919,continuous_historical,False,shadow_only,
development_2023_2025,ECMWF_HRES,1,complete_3h_rate_equivalent,20.0,60.0,value/3h,complete_3h_sum,8539,4,0,0,4,0,8535,0.0,,0.0,0.0,0.0,,,77.45,-77.45,continuous_historical,False,shadow_only,
development_2023_2025,GFS_GLOBAL,1,strict_hourly,0.1,0.1,value per source interval,sample,25664,2188,5912,965,1223,4947,18529,0.441,0.8368,0.1352,0.13,2.70201,0.0,0.0,,,continuous_historical,False,shadow_only,
development_2023_2025,GFS_GLOBAL,1,episode_pm1h,0.1,0.1,value per source interval,one_to_one_episode,25664,1115,1231,226,889,1005,,0.2027,0.8164,0.1066,,1.10404,0.673,0.009,4.396,-3.263,continuous_historical,False,shadow_only,
development_2023_2025,GFS_GLOBAL,1,episode_pm2h,0.1,0.1,value per source interval,one_to_one_episode,25664,1115,1231,322,793,909,,0.2888,0.7384,0.1591,,1.10404,1.068,0.081,4.61,-3.472,continuous_historical,False,shadow_only,
development_2023_2025,GFS_GLOBAL,1,cadence_aware_episode,0.1,0.1,value per source interval,one_to_one_episode,25664,1115,1231,226,889,1005,,0.2027,0.8164,0.1066,,1.10404,0.673,0.009,4.396,-3.263,continuous_historical,False,shadow_only,1
development_2023_2025,GFS_GLOBAL,1,complete_3h_same_numeric,0.1,0.1,value/3h,complete_3h_sum,8474,1407,2648,701,706,1947,5120,0.4982,0.7353,0.209,0.1646,1.88202,0.0,0.0,3.981,-2.79,continuous_historical,False,shadow_only,
development_2023_2025,GFS_GLOBAL,1,complete_3h_rate_equivalent,0.1,0.30000000000000004,value/3h,complete_3h_sum,8474,831,2067,389,442,1678,5965,0.4681,0.8118,0.155,0.1495,2.48736,0.0,0.0,6.143,-5.222,continuous_historical,False,shadow_only,
development_2023_2025,GFS_GLOBAL,1,strict_hourly,1.0,1.0,value per source interval,sample,25664,848,2000,216,632,1784,23032,0.2547,0.892,0.0821,0.1104,2.35849,0.0,0.0,,,continuous_historical,False,shadow_only,
development_2023_2025,GFS_GLOBAL,1,episode_pm1h,1.0,1.0,value per source interval,one_to_one_episode,25664,522,740,100,422,640,,0.1916,0.8649,0.0861,,1.41762,0.66,0.02,7.534,-7.028,continuous_historical,False,shadow_only,
development_2023_2025,GFS_GLOBAL,1,episode_pm2h,1.0,1.0,value per source interval,one_to_one_episode,25664,522,740,144,378,596,,0.2759,0.8054,0.1288,,1.41762,1.069,0.208,7.59,-7.104,continuous_historical,False,shadow_only,
development_2023_2025,GFS_GLOBAL,1,cadence_aware_episode,1.0,1.0,value per source interval,one_to_one_episode,25664,522,740,100,422,640,,0.1916,0.8649,0.0861,,1.41762,0.66,0.02,7.534,-7.028,continuous_historical,False,shadow_only,1
development_2023_2025,GFS_GLOBAL,1,complete_3h_same_numeric,1.0,1.0,value/3h,complete_3h_sum,8474,644,1444,255,389,1189,6641,0.396,0.8234,0.1391,0.1555,2.24224,0.0,0.0,7.584,-6.89,continuous_historical,False,shadow_only,
development_2023_2025,GFS_GLOBAL,1,complete_3h_rate_equivalent,1.0,3.0,value/3h,complete_3h_sum,8474,420,597,96,324,501,7553,0.2286,0.8392,0.1042,0.1387,1.42143,0.0,0.0,10.671,-10.428,continuous_historical,False,shadow_only,
development_2023_2025,GFS_GLOBAL,1,strict_hourly,1.5,1.5,value per source interval,sample,25664,711,1069,113,598,956,23997,0.1589,0.8943,0.0678,0.0969,1.50352,0.0,0.0,,,continuous_historical,False,shadow_only,
development_2023_2025,GFS_GLOBAL,1,episode_pm1h,1.5,1.5,value per source interval,one_to_one_episode,25664,457,478,66,391,412,,0.1444,0.8619,0.0759,,1.04595,0.652,0.106,8.274,-7.817,continuous_historical,False,shadow_only,
development_2023_2025,GFS_GLOBAL,1,episode_pm2h,1.5,1.5,value per source interval,one_to_one_episode,25664,457,478,95,362,383,,0.2079,0.8013,0.1131,,1.04595,1.063,0.263,8.367,-7.969,continuous_historical,False,shadow_only,
development_2023_2025,GFS_GLOBAL,1,cadence_aware_episode,1.5,1.5,value per source interval,one_to_one_episode,25664,457,478,66,391,412,,0.1444,0.8619,0.0759,,1.04595,0.652,0.106,8.274,-7.817,continuous_historical,False,shadow_only,1
development_2023_2025,GFS_GLOBAL,1,complete_3h_same_numeric,1.5,1.5,value/3h,complete_3h_sum,8474,559,1152,202,357,950,6965,0.3614,0.8247,0.1339,0.1616,2.06082,0.0,0.0,8.505,-7.946,continuous_historical,False,shadow_only,
development_2023_2025,GFS_GLOBAL,1,complete_3h_rate_equivalent,1.5,4.5,value/3h,complete_3h_sum,8474,332,273,40,292,233,7909,0.1205,0.8535,0.0708,0.1004,0.82229,0.0,0.0,12.734,-12.574,continuous_historical,False,shadow_only,
development_2023_2025,GFS_GLOBAL,1,strict_hourly,5.0,5.0,value per source interval,sample,25664,338,9,0,338,9,25317,0.0,1.0,0.0,-0.0007,0.02663,,,,,continuous_historical,False,shadow_only,
development_2023_2025,GFS_GLOBAL,1,episode_pm1h,5.0,5.0,value per source interval,one_to_one_episode,25664,274,5,1,273,4,,0.0036,0.8,0.0036,,0.01825,1.0,1.0,6.3,6.3,continuous_historical,False,shadow_only,
development_2023_2025,GFS_GLOBAL,1,episode_pm2h,5.0,5.0,value per source interval,one_to_one_episode,25664,274,5,1,273,4,,0.0036,0.8,0.0036,,0.01825,1.0,1.0,6.3,6.3,continuous_historical,False,shadow_only,
development_2023_2025,GFS_GLOBAL,1,cadence_aware_episode,5.0,5.0,value per source interval,one_to_one_episode,25664,274,5,1,273,4,,0.0036,0.8,0.0036,,0.01825,1.0,1.0,6.3,6.3,continuous_historical,False,shadow_only,1
development_2023_2025,GFS_GLOBAL,1,complete_3h_same_numeric,5.0,5.0,value/3h,complete_3h_sum,8474,317,215,28,289,187,7970,0.0883,0.8698,0.0556,0.0774,0.67823,0.0,0.0,13.218,-13.09,continuous_historical,False,shadow_only,
development_2023_2025,GFS_GLOBAL,1,complete_3h_rate_equivalent,5.0,15.0,value/3h,complete_3h_sum,8474,97,5,0,97,5,8372,0.0,1.0,0.0,-0.0011,0.05155,,,26.222,-26.222,continuous_historical,False,shadow_only,
development_2023_2025,GFS_GLOBAL,1,strict_hourly,10.0,10.0,value per source interval,sample,25664,143,4,0,143,4,25517,0.0,1.0,0.0,-0.0003,0.02797,,,,,continuous_historical,False,shadow_only,
development_2023_2025,GFS_GLOBAL,1,episode_pm1h,10.0,10.0,value per source interval,one_to_one_episode,25664,117,3,0,117,3,,0.0,1.0,0.0,,0.02564,,,,,continuous_historical,False,shadow_only,
development_2023_2025,GFS_GLOBAL,1,episode_pm2h,10.0,10.0,value per source interval,one_to_one_episode,25664,117,3,0,117,3,,0.0,1.0,0.0,,0.02564,,,,,continuous_historical,False,shadow_only,
development_2023_2025,GFS_GLOBAL,1,cadence_aware_episode,10.0,10.0,value per source interval,one_to_one_episode,25664,117,3,0,117,3,,0.0,1.0,0.0,,0.02564,,,,,continuous_historical,False,shadow_only,1
development_2023_2025,GFS_GLOBAL,1,complete_3h_same_numeric,10.0,10.0,value/3h,complete_3h_sum,8474,156,15,1,155,14,8304,0.0064,0.9333,0.0059,0.0085,0.09615,0.0,0.0,20.217,-20.217,continuous_historical,False,shadow_only,
development_2023_2025,GFS_GLOBAL,1,complete_3h_rate_equivalent,10.0,30.0,value/3h,complete_3h_sum,8474,30,0,0,30,0,8444,0.0,,0.0,0.0,0.0,,,42.38,-42.38,continuous_historical,False,shadow_only,
development_2023_2025,GFS_GLOBAL,1,strict_hourly,20.0,20.0,value per source interval,sample,25664,43,0,0,43,0,25621,0.0,,0.0,0.0,0.0,,,,,continuous_historical,False,shadow_only,
development_2023_2025,GFS_GLOBAL,1,episode_pm1h,20.0,20.0,value per source interval,one_to_one_episode,25664,40,0,0,40,0,,0.0,,0.0,,0.0,,,,,continuous_historical,False,shadow_only,
development_2023_2025,GFS_GLOBAL,1,episode_pm2h,20.0,20.0,value per source interval,one_to_one_episode,25664,40,0,0,40,0,,0.0,,0.0,,0.0,,,,,continuous_historical,False,shadow_only,
development_2023_2025,GFS_GLOBAL,1,cadence_aware_episode,20.0,20.0,value per source interval,one_to_one_episode,25664,40,0,0,40,0,,0.0,,0.0,,0.0,,,,,continuous_historical,False,shadow_only,1
development_2023_2025,GFS_GLOBAL,1,complete_3h_same_numeric,20.0,20.0,value/3h,complete_3h_sum,8474,66,1,0,66,1,8407,0.0,1.0,0.0,-0.0002,0.01515,,,31.129,-31.129,continuous_historical,False,shadow_only,
development_2023_2025,GFS_GLOBAL,1,complete_3h_rate_equivalent,20.0,60.0,value/3h,complete_3h_sum,8474,3,0,0,3,0,8471,0.0,,0.0,0.0,0.0,,,74.267,-74.267,continuous_historical,False,shadow_only,
development_2023_2025,ICON_SEAMLESS,1,strict_hourly,0.1,0.1,value per source interval,sample,25729,2194,4522,884,1310,3638,19897,0.4029,0.8045,0.1516,0.1677,2.06108,0.0,0.0,,,continuous_historical,False,shadow_only,
development_2023_2025,ICON_SEAMLESS,1,episode_pm1h,0.1,0.1,value per source interval,one_to_one_episode,25729,1115,1182,269,846,913,,0.2413,0.7724,0.1326,,1.06009,0.632,0.067,3.667,-2.866,continuous_historical,False,shadow_only,
development_2023_2025,ICON_SEAMLESS,1,episode_pm2h,0.1,0.1,value per source interval,one_to_one_episode,25729,1115,1182,387,728,795,,0.3471,0.6726,0.2026,,1.06009,1.052,0.044,4.038,-3.249,continuous_historical,False,shadow_only,
development_2023_2025,ICON_SEAMLESS,1,cadence_aware_episode,0.1,0.1,value per source interval,one_to_one_episode,25729,1115,1182,269,846,913,,0.2413,0.7724,0.1326,,1.06009,0.632,0.067,3.667,-2.866,continuous_historical,False,shadow_only,1
development_2023_2025,ICON_SEAMLESS,1,complete_3h_same_numeric,0.1,0.1,value/3h,complete_3h_sum,8539,1420,2199,712,708,1487,5632,0.5014,0.6762,0.2449,0.2399,1.54859,0.0,0.0,4.007,-3.18,continuous_historical,False,shadow_only,
development_2023_2025,ICON_SEAMLESS,1,complete_3h_rate_equivalent,0.1,0.30000000000000004,value/3h,complete_3h_sum,8539,840,1542,383,457,1159,6540,0.456,0.7516,0.1916,0.2226,1.83571,0.0,0.0,6.36,-5.685,continuous_historical,False,shadow_only,
development_2023_2025,ICON_SEAMLESS,1,strict_hourly,1.0,1.0,value per source interval,sample,25729,853,1148,140,713,1008,23868,0.1641,0.878,0.0752,0.1059,1.34584,0.0,0.0,,,continuous_historical,False,shadow_only,
development_2023_2025,ICON_SEAMLESS,1,episode_pm1h,1.0,1.0,value per source interval,one_to_one_episode,25729,523,478,80,443,398,,0.153,0.8326,0.0869,,0.91396,0.588,0.087,6.389,-6.046,continuous_historical,False,shadow_only,
development_2023_2025,ICON_SEAMLESS,1,episode_pm2h,1.0,1.0,value per source interval,one_to_one_episode,25729,523,478,121,402,357,,0.2314,0.7469,0.1375,,0.91396,1.083,0.124,6.717,-6.372,continuous_historical,False,shadow_only,
development_2023_2025,ICON_SEAMLESS,1,cadence_aware_episode,1.0,1.0,value per source interval,one_to_one_episode,25729,523,478,80,443,398,,0.153,0.8326,0.0869,,0.91396,0.588,0.087,6.389,-6.046,continuous_historical,False,shadow_only,1
development_2023_2025,ICON_SEAMLESS,1,complete_3h_same_numeric,1.0,1.0,value/3h,complete_3h_sum,8539,652,940,203,449,737,7150,0.3113,0.784,0.1461,0.1812,1.44172,0.0,0.0,7.848,-7.504,continuous_historical,False,shadow_only,
development_2023_2025,ICON_SEAMLESS,1,complete_3h_rate_equivalent,1.0,3.0,value/3h,complete_3h_sum,8539,425,317,50,375,267,7847,0.1176,0.8423,0.0723,0.0963,0.74588,0.0,0.0,11.214,-11.13,continuous_historical,False,shadow_only,
development_2023_2025,ICON_SEAMLESS,1,strict_hourly,1.5,1.5,value per source interval,sample,25729,716,546,54,662,492,24521,0.0754,0.9011,0.0447,0.063,0.76257,0.0,0.0,,,continuous_historical,False,shadow_only,
development_2023_2025,ICON_SEAMLESS,1,episode_pm1h,1.5,1.5,value per source interval,one_to_one_episode,25729,458,299,34,424,265,,0.0742,0.8863,0.047,,0.65284,0.559,-0.147,5.712,-5.6,continuous_historical,False,shadow_only,
development_2023_2025,ICON_SEAMLESS,1,episode_pm2h,1.5,1.5,value per source interval,one_to_one_episode,25729,458,299,63,395,236,,0.1376,0.7893,0.0908,,0.65284,1.222,0.143,6.522,-6.29,continuous_historical,False,shadow_only,
development_2023_2025,ICON_SEAMLESS,1,cadence_aware_episode,1.5,1.5,value per source interval,one_to_one_episode,25729,458,299,34,424,265,,0.0742,0.8863,0.047,,0.65284,0.559,-0.147,5.712,-5.6,continuous_historical,False,shadow_only,1
development_2023_2025,ICON_SEAMLESS,1,complete_3h_same_numeric,1.5,1.5,value/3h,complete_3h_sum,8539,565,727,147,418,580,7394,0.2602,0.7978,0.1284,0.1654,1.28673,0.0,0.0,8.849,-8.64,continuous_historical,False,shadow_only,
development_2023_2025,ICON_SEAMLESS,1,complete_3h_rate_equivalent,1.5,4.5,value/3h,complete_3h_sum,8539,337,124,16,321,108,8094,0.0475,0.871,0.036,0.0492,0.36795,0.0,0.0,13.381,-13.381,continuous_historical,False,shadow_only,
development_2023_2025,ICON_SEAMLESS,1,strict_hourly,5.0,5.0,value per source interval,sample,25729,343,2,0,343,2,25384,0.0,1.0,0.0,-0.0002,0.00583,,,,,continuous_historical,False,shadow_only,
development_2023_2025,ICON_SEAMLESS,1,episode_pm1h,5.0,5.0,value per source interval,one_to_one_episode,25729,277,2,0,277,2,,0.0,1.0,0.0,,0.00722,,,,,continuous_historical,False,shadow_only,
development_2023_2025,ICON_SEAMLESS,1,episode_pm2h,5.0,5.0,value per source interval,one_to_one_episode,25729,277,2,1,276,1,,0.0036,0.5,0.0036,,0.00722,2.0,-2.0,18.4,-18.4,continuous_historical,False,shadow_only,
development_2023_2025,ICON_SEAMLESS,1,cadence_aware_episode,5.0,5.0,value per source interval,one_to_one_episode,25729,277,2,0,277,2,,0.0,1.0,0.0,,0.00722,,,,,continuous_historical,False,shadow_only,1
development_2023_2025,ICON_SEAMLESS,1,complete_3h_same_numeric,5.0,5.0,value/3h,complete_3h_sum,8539,322,85,8,314,77,8140,0.0248,0.9059,0.0201,0.0239,0.26398,0.0,0.0,13.831,-13.831,continuous_historical,False,shadow_only,
development_2023_2025,ICON_SEAMLESS,1,complete_3h_rate_equivalent,5.0,15.0,value/3h,complete_3h_sum,8539,98,0,0,98,0,8441,0.0,,0.0,0.0,0.0,,,27.312,-27.312,continuous_historical,False,shadow_only,
development_2023_2025,ICON_SEAMLESS,1,strict_hourly,10.0,10.0,value per source interval,sample,25729,143,0,0,143,0,25586,0.0,,0.0,0.0,0.0,,,,,continuous_historical,False,shadow_only,
development_2023_2025,ICON_SEAMLESS,1,episode_pm1h,10.0,10.0,value per source interval,one_to_one_episode,25729,117,0,0,117,0,,0.0,,0.0,,0.0,,,,,continuous_historical,False,shadow_only,
development_2023_2025,ICON_SEAMLESS,1,episode_pm2h,10.0,10.0,value per source interval,one_to_one_episode,25729,117,0,0,117,0,,0.0,,0.0,,0.0,,,,,continuous_historical,False,shadow_only,
development_2023_2025,ICON_SEAMLESS,1,cadence_aware_episode,10.0,10.0,value per source interval,one_to_one_episode,25729,117,0,0,117,0,,0.0,,0.0,,0.0,,,,,continuous_historical,False,shadow_only,1
development_2023_2025,ICON_SEAMLESS,1,complete_3h_same_numeric,10.0,10.0,value/3h,complete_3h_sum,8539,159,2,1,158,1,8379,0.0063,0.5,0.0063,0.012,0.01258,0.0,0.0,21.0,-21.0,continuous_historical,False,shadow_only,
development_2023_2025,ICON_SEAMLESS,1,complete_3h_rate_equivalent,10.0,30.0,value/3h,complete_3h_sum,8539,31,0,0,31,0,8508,0.0,,0.0,0.0,0.0,,,44.768,-44.768,continuous_historical,False,shadow_only,
development_2023_2025,ICON_SEAMLESS,1,strict_hourly,20.0,20.0,value per source interval,sample,25729,43,0,0,43,0,25686,0.0,,0.0,0.0,0.0,,,,,continuous_historical,False,shadow_only,
development_2023_2025,ICON_SEAMLESS,1,episode_pm1h,20.0,20.0,value per source interval,one_to_one_episode,25729,40,0,0,40,0,,0.0,,0.0,,0.0,,,,,continuous_historical,False,shadow_only,
development_2023_2025,ICON_SEAMLESS,1,episode_pm2h,20.0,20.0,value per source interval,one_to_one_episode,25729,40,0,0,40,0,,0.0,,0.0,,0.0,,,,,continuous_historical,False,shadow_only,
development_2023_2025,ICON_SEAMLESS,1,cadence_aware_episode,20.0,20.0,value per source interval,one_to_one_episode,25729,40,0,0,40,0,,0.0,,0.0,,0.0,,,,,continuous_historical,False,shadow_only,1
development_2023_2025,ICON_SEAMLESS,1,complete_3h_same_numeric,20.0,20.0,value/3h,complete_3h_sum,8539,67,0,0,67,0,8472,0.0,,0.0,0.0,0.0,,,32.46,-32.46,continuous_historical,False,shadow_only,
development_2023_2025,ICON_SEAMLESS,1,complete_3h_rate_equivalent,20.0,60.0,value/3h,complete_3h_sum,8539,4,0,0,4,0,8535,0.0,,0.0,0.0,0.0,,,76.55,-76.55,continuous_historical,False,shadow_only,
development_2023_2025,GEM_GLOBAL,3,strict_hourly,0.1,0.1,value per source interval,sample,25729,2194,4258,664,1530,3594,19941,0.3026,0.8441,0.1147,0.1051,1.94075,0.0,0.0,,,continuous_historical,False,shadow_only,
development_2023_2025,GEM_GLOBAL,3,episode_pm1h,0.1,0.1,value per source interval,one_to_one_episode,25729,1115,575,111,1004,464,,0.0996,0.807,0.0703,,0.5157,0.685,-0.054,4.995,-4.102,continuous_historical,False,shadow_only,
development_2023_2025,GEM_GLOBAL,3,episode_pm2h,0.1,0.1,value per source interval,one_to_one_episode,25729,1115,575,162,953,413,,0.1453,0.7183,0.106,,0.5157,1.099,-0.111,4.848,-3.84,continuous_historical,False,shadow_only,
development_2023_2025,GEM_GLOBAL,3,cadence_aware_episode,0.1,0.1,value per source interval,one_to_one_episode,25729,1115,575,162,953,413,,0.1453,0.7183,0.106,,0.5157,1.099,-0.111,4.848,-3.84,continuous_historical,False,shadow_only,2
development_2023_2025,GEM_GLOBAL,3,complete_3h_same_numeric,0.1,0.1,value/3h,complete_3h_sum,8539,1420,1415,403,1017,1012,6107,0.2838,0.7152,0.1657,0.1418,0.99648,0.0,0.0,4.205,-3.003,continuous_historical,False,shadow_only,
development_2023_2025,GEM_GLOBAL,3,complete_3h_rate_equivalent,0.1,0.30000000000000004,value/3h,complete_3h_sum,8539,840,1415,273,567,1142,6557,0.325,0.8071,0.1377,0.1354,1.68452,0.0,0.0,6.594,-5.457,continuous_historical,False,shadow_only,
development_2023_2025,GEM_GLOBAL,3,strict_hourly,1.0,1.0,value per source interval,sample,25729,853,1171,139,714,1032,23844,0.163,0.8813,0.0737,0.1029,1.3728,0.0,0.0,,,continuous_historical,False,shadow_only,
development_2023_2025,GEM_GLOBAL,3,episode_pm1h,1.0,1.0,value per source interval,one_to_one_episode,25729,523,248,38,485,210,,0.0727,0.8468,0.0518,,0.47419,0.658,-0.132,7.276,-6.708,continuous_historical,False,shadow_only,
development_2023_2025,GEM_GLOBAL,3,episode_pm2h,1.0,1.0,value per source interval,one_to_one_episode,25729,523,248,61,462,187,,0.1166,0.754,0.0859,,0.47419,1.164,-0.246,7.093,-6.644,continuous_historical,False,shadow_only,
development_2023_2025,GEM_GLOBAL,3,cadence_aware_episode,1.0,1.0,value per source interval,one_to_one_episode,25729,523,248,61,462,187,,0.1166,0.754,0.0859,,0.47419,1.164,-0.246,7.093,-6.644,continuous_historical,False,shadow_only,2
development_2023_2025,GEM_GLOBAL,3,complete_3h_same_numeric,1.0,1.0,value/3h,complete_3h_sum,8539,652,772,153,499,619,7268,0.2347,0.8018,0.1204,0.144,1.18405,0.0,0.0,8.236,-7.049,continuous_historical,False,shadow_only,
development_2023_2025,GEM_GLOBAL,3,complete_3h_rate_equivalent,1.0,3.0,value/3h,complete_3h_sum,8539,425,389,62,363,327,7787,0.1459,0.8406,0.0824,0.11,0.91529,0.0,0.0,11.352,-10.732,continuous_historical,False,shadow_only,
development_2023_2025,GEM_GLOBAL,3,strict_hourly,1.5,1.5,value per source interval,sample,25729,716,674,64,652,610,24403,0.0894,0.905,0.0483,0.0669,0.94134,0.0,0.0,,,continuous_historical,False,shadow_only,
development_2023_2025,GEM_GLOBAL,3,episode_pm1h,1.5,1.5,value per source interval,one_to_one_episode,25729,458,154,22,436,132,,0.048,0.8571,0.0373,,0.33624,0.682,-0.045,9.509,-6.891,continuous_historical,False,shadow_only,
development_2023_2025,GEM_GLOBAL,3,episode_pm2h,1.5,1.5,value per source interval,one_to_one_episode,25729,458,154,35,423,119,,0.0764,0.7727,0.0607,,0.33624,1.171,0.029,7.989,-6.286,continuous_historical,False,shadow_only,
development_2023_2025,GEM_GLOBAL,3,cadence_aware_episode,1.5,1.5,value per source interval,one_to_one_episode,25729,458,154,35,423,119,,0.0764,0.7727,0.0607,,0.33624,1.171,0.029,7.989,-6.286,continuous_historical,False,shadow_only,2
development_2023_2025,GEM_GLOBAL,3,complete_3h_same_numeric,1.5,1.5,value/3h,complete_3h_sum,8539,565,680,124,441,556,7418,0.2195,0.8176,0.1106,0.1368,1.20354,0.0,0.0,9.074,-8.29,continuous_historical,False,shadow_only,
development_2023_2025,GEM_GLOBAL,3,complete_3h_rate_equivalent,1.5,4.5,value/3h,complete_3h_sum,8539,337,224,30,307,194,8008,0.089,0.8661,0.0565,0.0779,0.66469,0.0,0.0,13.462,-12.791,continuous_historical,False,shadow_only,
development_2023_2025,GEM_GLOBAL,3,strict_hourly,5.0,5.0,value per source interval,sample,25729,343,81,4,339,77,25309,0.0117,0.9506,0.0095,0.0138,0.23615,0.0,0.0,,,continuous_historical,False,shadow_only,
development_2023_2025,GEM_GLOBAL,3,episode_pm1h,5.0,5.0,value per source interval,one_to_one_episode,25729,277,22,2,275,20,,0.0072,0.9091,0.0067,,0.07942,1.0,0.0,14.85,-14.85,continuous_historical,False,shadow_only,
development_2023_2025,GEM_GLOBAL,3,episode_pm2h,5.0,5.0,value per source interval,one_to_one_episode,25729,277,22,5,272,17,,0.0181,0.7727,0.017,,0.07942,1.6,1.2,9.68,-9.28,continuous_historical,False,shadow_only,
development_2023_2025,GEM_GLOBAL,3,cadence_aware_episode,5.0,5.0,value per source interval,one_to_one_episode,25729,277,22,5,272,17,,0.0181,0.7727,0.017,,0.07942,1.6,1.2,9.68,-9.28,continuous_historical,False,shadow_only,2
development_2023_2025,GEM_GLOBAL,3,complete_3h_same_numeric,5.0,5.0,value/3h,complete_3h_sum,8539,322,175,22,300,153,8064,0.0683,0.8743,0.0463,0.0637,0.54348,0.0,0.0,13.695,-13.532,continuous_historical,False,shadow_only,
development_2023_2025,GEM_GLOBAL,3,complete_3h_rate_equivalent,5.0,15.0,value/3h,complete_3h_sum,8539,98,27,2,96,25,8416,0.0204,0.9259,0.0163,0.0272,0.27551,0.0,0.0,26.914,-26.608,continuous_historical,False,shadow_only,
development_2023_2025,GEM_GLOBAL,3,strict_hourly,10.0,10.0,value per source interval,sample,25729,143,27,1,142,26,25560,0.007,0.963,0.0059,0.01,0.18881,0.0,0.0,,,continuous_historical,False,shadow_only,
development_2023_2025,GEM_GLOBAL,3,episode_pm1h,10.0,10.0,value per source interval,one_to_one_episode,25729,117,7,0,117,7,,0.0,1.0,0.0,,0.05983,,,,,continuous_historical,False,shadow_only,
development_2023_2025,GEM_GLOBAL,3,episode_pm2h,10.0,10.0,value per source interval,one_to_one_episode,25729,117,7,1,116,6,,0.0085,0.8571,0.0081,,0.05983,2.0,2.0,15.4,-15.4,continuous_historical,False,shadow_only,
development_2023_2025,GEM_GLOBAL,3,cadence_aware_episode,10.0,10.0,value per source interval,one_to_one_episode,25729,117,7,1,116,6,,0.0085,0.8571,0.0081,,0.05983,2.0,2.0,15.4,-15.4,continuous_historical,False,shadow_only,2
development_2023_2025,GEM_GLOBAL,3,complete_3h_same_numeric,10.0,10.0,value/3h,complete_3h_sum,8539,159,57,4,155,53,8327,0.0252,0.9298,0.0189,0.0275,0.35849,0.0,0.0,20.825,-20.618,continuous_historical,False,shadow_only,
development_2023_2025,GEM_GLOBAL,3,complete_3h_rate_equivalent,10.0,30.0,value/3h,complete_3h_sum,8539,31,9,1,30,8,8500,0.0323,0.8889,0.0256,0.0484,0.29032,0.0,0.0,43.013,-42.045,continuous_historical,False,shadow_only,
development_2023_2025,GEM_GLOBAL,3,strict_hourly,20.0,20.0,value per source interval,sample,25729,43,12,1,42,11,25675,0.0233,0.9167,0.0185,0.0357,0.27907,0.0,0.0,,,continuous_historical,False,shadow_only,
development_2023_2025,GEM_GLOBAL,3,episode_pm1h,20.0,20.0,value per source interval,one_to_one_episode,25729,40,3,0,40,3,,0.0,1.0,0.0,,0.075,,,,,continuous_historical,False,shadow_only,
development_2023_2025,GEM_GLOBAL,3,episode_pm2h,20.0,20.0,value per source interval,one_to_one_episode,25729,40,3,1,39,2,,0.025,0.6667,0.0238,,0.075,2.0,2.0,15.4,-15.4,continuous_historical,False,shadow_only,
development_2023_2025,GEM_GLOBAL,3,cadence_aware_episode,20.0,20.0,value per source interval,one_to_one_episode,25729,40,3,1,39,2,,0.025,0.6667,0.0238,,0.075,2.0,2.0,15.4,-15.4,continuous_historical,False,shadow_only,2
development_2023_2025,GEM_GLOBAL,3,complete_3h_same_numeric,20.0,20.0,value/3h,complete_3h_sum,8539,67,15,2,65,13,8459,0.0299,0.8667,0.025,0.046,0.22388,0.0,0.0,31.815,-31.367,continuous_historical,False,shadow_only,
development_2023_2025,GEM_GLOBAL,3,complete_3h_rate_equivalent,20.0,60.0,value/3h,complete_3h_sum,8539,4,4,0,4,4,8531,0.0,1.0,0.0,-0.0005,1.0,,,77.225,-77.225,continuous_historical,False,shadow_only,
development_2023_2025,CMA_GRAPES_GLOBAL,3,strict_hourly,0.1,0.1,value per source interval,sample,25729,2194,4129,737,1457,3392,20143,0.3359,0.8215,0.1319,0.137,1.88195,0.0,0.0,,,continuous_historical,False,shadow_only,
development_2023_2025,CMA_GRAPES_GLOBAL,3,episode_pm1h,0.1,0.1,value per source interval,one_to_one_episode,25729,1115,645,132,983,513,,0.1184,0.7953,0.0811,,0.57848,0.636,-0.106,3.288,-1.729,continuous_historical,False,shadow_only,
development_2023_2025,CMA_GRAPES_GLOBAL,3,episode_pm2h,0.1,0.1,value per source interval,one_to_one_episode,25729,1115,645,216,899,429,,0.1937,0.6651,0.1399,,0.57848,1.167,0.065,4.125,-2.61,continuous_historical,False,shadow_only,
development_2023_2025,CMA_GRAPES_GLOBAL,3,cadence_aware_episode,0.1,0.1,value per source interval,one_to_one_episode,25729,1115,645,216,899,429,,0.1937,0.6651,0.1399,,0.57848,1.167,0.065,4.125,-2.61,continuous_historical,False,shadow_only,2
development_2023_2025,CMA_GRAPES_GLOBAL,3,complete_3h_same_numeric,0.1,0.1,value/3h,complete_3h_sum,8539,1420,1370,442,978,928,6191,0.3113,0.6774,0.1882,0.1835,0.96479,0.0,0.0,4.176,-3.055,continuous_historical,False,shadow_only,
development_2023_2025,CMA_GRAPES_GLOBAL,3,complete_3h_rate_equivalent,0.1,0.30000000000000004,value/3h,complete_3h_sum,8539,840,1370,296,544,1074,6625,0.3524,0.7839,0.1546,0.1662,1.63095,0.0,0.0,6.449,-5.647,continuous_historical,False,shadow_only,
development_2023_2025,CMA_GRAPES_GLOBAL,3,strict_hourly,1.0,1.0,value per source interval,sample,25729,853,1560,137,716,1423,23453,0.1606,0.9122,0.0602,0.0739,1.82884,0.0,0.0,,,continuous_historical,False,shadow_only,
development_2023_2025,CMA_GRAPES_GLOBAL,3,episode_pm1h,1.0,1.0,value per source interval,one_to_one_episode,25729,523,370,52,471,318,,0.0994,0.8595,0.0618,,0.70746,0.692,-0.154,5.538,-5.069,continuous_historical,False,shadow_only,
development_2023_2025,CMA_GRAPES_GLOBAL,3,episode_pm2h,1.0,1.0,value per source interval,one_to_one_episode,25729,523,370,82,441,288,,0.1568,0.7784,0.1011,,0.70746,1.171,0.073,6.556,-6.115,continuous_historical,False,shadow_only,
development_2023_2025,CMA_GRAPES_GLOBAL,3,cadence_aware_episode,1.0,1.0,value per source interval,one_to_one_episode,25729,523,370,82,441,288,,0.1568,0.7784,0.1011,,0.70746,1.171,0.073,6.556,-6.115,continuous_historical,False,shadow_only,2
development_2023_2025,CMA_GRAPES_GLOBAL,3,complete_3h_same_numeric,1.0,1.0,value/3h,complete_3h_sum,8539,652,969,160,492,809,7078,0.2454,0.8349,0.1095,0.1168,1.4862,0.0,0.0,7.969,-7.404,continuous_historical,False,shadow_only,
development_2023_2025,CMA_GRAPES_GLOBAL,3,complete_3h_rate_equivalent,1.0,3.0,value/3h,complete_3h_sum,8539,425,519,64,361,455,7659,0.1506,0.8767,0.0727,0.0855,1.22118,0.0,0.0,11.27,-10.962,continuous_historical,False,shadow_only,
development_2023_2025,CMA_GRAPES_GLOBAL,3,strict_hourly,1.5,1.5,value per source interval,sample,25729,716,881,77,639,804,24209,0.1075,0.9126,0.0507,0.0678,1.23045,0.0,0.0,,,continuous_historical,False,shadow_only,
development_2023_2025,CMA_GRAPES_GLOBAL,3,episode_pm1h,1.5,1.5,value per source interval,one_to_one_episode,25729,458,236,29,429,207,,0.0633,0.8771,0.0436,,0.51528,0.793,-0.241,6.548,-5.879,continuous_historical,False,shadow_only,
development_2023_2025,CMA_GRAPES_GLOBAL,3,episode_pm2h,1.5,1.5,value per source interval,one_to_one_episode,25729,458,236,46,412,190,,0.1004,0.8051,0.071,,0.51528,1.239,-0.109,7.287,-6.7,continuous_historical,False,shadow_only,
development_2023_2025,CMA_GRAPES_GLOBAL,3,cadence_aware_episode,1.5,1.5,value per source interval,one_to_one_episode,25729,458,236,46,412,190,,0.1004,0.8051,0.071,,0.51528,1.239,-0.109,7.287,-6.7,continuous_historical,False,shadow_only,2
development_2023_2025,CMA_GRAPES_GLOBAL,3,complete_3h_same_numeric,1.5,1.5,value/3h,complete_3h_sum,8539,565,877,139,426,738,7236,0.246,0.8415,0.1067,0.1221,1.55221,0.0,0.0,9.01,-8.456,continuous_historical,False,shadow_only,
development_2023_2025,CMA_GRAPES_GLOBAL,3,complete_3h_rate_equivalent,1.5,4.5,value/3h,complete_3h_sum,8539,337,292,32,305,260,7942,0.095,0.8904,0.0536,0.0676,0.86647,0.0,0.0,13.315,-13.253,continuous_historical,False,shadow_only,
development_2023_2025,CMA_GRAPES_GLOBAL,3,strict_hourly,5.0,5.0,value per source interval,sample,25729,343,36,0,343,36,25350,0.0,1.0,0.0,-0.0025,0.10496,,,,,continuous_historical,False,shadow_only,
development_2023_2025,CMA_GRAPES_GLOBAL,3,episode_pm1h,5.0,5.0,value per source interval,one_to_one_episode,25729,277,11,0,277,11,,0.0,1.0,0.0,,0.03971,,,,,continuous_historical,False,shadow_only,
development_2023_2025,CMA_GRAPES_GLOBAL,3,episode_pm2h,5.0,5.0,value per source interval,one_to_one_episode,25729,277,11,0,277,11,,0.0,1.0,0.0,,0.03971,,,,,continuous_historical,False,shadow_only,
development_2023_2025,CMA_GRAPES_GLOBAL,3,cadence_aware_episode,5.0,5.0,value per source interval,one_to_one_episode,25729,277,11,0,277,11,,0.0,1.0,0.0,,0.03971,,,,,continuous_historical,False,shadow_only,2
development_2023_2025,CMA_GRAPES_GLOBAL,3,complete_3h_same_numeric,5.0,5.0,value/3h,complete_3h_sum,8539,322,240,21,301,219,7998,0.0652,0.9125,0.0388,0.0439,0.74534,0.0,0.0,13.781,-13.72,continuous_historical,False,shadow_only,
development_2023_2025,CMA_GRAPES_GLOBAL,3,complete_3h_rate_equivalent,5.0,15.0,value/3h,complete_3h_sum,8539,98,12,0,98,12,8429,0.0,1.0,0.0,-0.0025,0.12245,,,27.426,-27.426,continuous_historical,False,shadow_only,
development_2023_2025,CMA_GRAPES_GLOBAL,3,strict_hourly,10.0,10.0,value per source interval,sample,25729,143,3,0,143,3,25583,0.0,1.0,0.0,-0.0002,0.02098,,,,,continuous_historical,False,shadow_only,
development_2023_2025,CMA_GRAPES_GLOBAL,3,episode_pm1h,10.0,10.0,value per source interval,one_to_one_episode,25729,117,1,0,117,1,,0.0,1.0,0.0,,0.00855,,,,,continuous_historical,False,shadow_only,
development_2023_2025,CMA_GRAPES_GLOBAL,3,episode_pm2h,10.0,10.0,value per source interval,one_to_one_episode,25729,117,1,0,117,1,,0.0,1.0,0.0,,0.00855,,,,,continuous_historical,False,shadow_only,
development_2023_2025,CMA_GRAPES_GLOBAL,3,cadence_aware_episode,10.0,10.0,value per source interval,one_to_one_episode,25729,117,1,0,117,1,,0.0,1.0,0.0,,0.00855,,,,,continuous_historical,False,shadow_only,2
development_2023_2025,CMA_GRAPES_GLOBAL,3,complete_3h_same_numeric,10.0,10.0,value/3h,complete_3h_sum,8539,159,39,1,158,38,8342,0.0063,0.9744,0.0051,0.0028,0.24528,0.0,0.0,21.018,-21.018,continuous_historical,False,shadow_only,
development_2023_2025,CMA_GRAPES_GLOBAL,3,complete_3h_rate_equivalent,10.0,30.0,value/3h,complete_3h_sum,8539,31,1,0,31,1,8507,0.0,1.0,0.0,-0.0002,0.03226,,,44.077,-44.077,continuous_historical,False,shadow_only,
development_2023_2025,CMA_GRAPES_GLOBAL,3,strict_hourly,20.0,20.0,value per source interval,sample,25729,43,0,0,43,0,25686,0.0,,0.0,0.0,0.0,,,,,continuous_historical,False,shadow_only,
development_2023_2025,CMA_GRAPES_GLOBAL,3,episode_pm1h,20.0,20.0,value per source interval,one_to_one_episode,25729,40,0,0,40,0,,0.0,,0.0,,0.0,,,,,continuous_historical,False,shadow_only,
development_2023_2025,CMA_GRAPES_GLOBAL,3,episode_pm2h,20.0,20.0,value per source interval,one_to_one_episode,25729,40,0,0,40,0,,0.0,,0.0,,0.0,,,,,continuous_historical,False,shadow_only,
development_2023_2025,CMA_GRAPES_GLOBAL,3,cadence_aware_episode,20.0,20.0,value per source interval,one_to_one_episode,25729,40,0,0,40,0,,0.0,,0.0,,0.0,,,,,continuous_historical,False,shadow_only,2
development_2023_2025,CMA_GRAPES_GLOBAL,3,complete_3h_same_numeric,20.0,20.0,value/3h,complete_3h_sum,8539,67,3,0,67,3,8469,0.0,1.0,0.0,-0.0007,0.04478,,,32.625,-32.625,continuous_historical,False,shadow_only,
development_2023_2025,CMA_GRAPES_GLOBAL,3,complete_3h_rate_equivalent,20.0,60.0,value/3h,complete_3h_sum,8539,4,0,0,4,0,8535,0.0,,0.0,0.0,0.0,,,77.45,-77.45,continuous_historical,False,shadow_only,
development_2023_2025,JMA_GSM,6,strict_hourly,0.1,0.1,value per source interval,sample,25729,2194,4321,635,1559,3686,19849,0.2894,0.853,0.108,0.0923,1.96946,0.0,0.0,,,continuous_historical,False,shadow_only,
development_2023_2025,JMA_GSM,6,episode_pm1h,0.1,0.1,value per source interval,one_to_one_episode,25729,1115,250,49,1066,201,,0.0439,0.804,0.0372,,0.22422,0.735,-0.041,2.837,-2.208,continuous_historical,False,shadow_only,
development_2023_2025,JMA_GSM,6,episode_pm2h,0.1,0.1,value per source interval,one_to_one_episode,25729,1115,250,78,1037,172,,0.07,0.688,0.0606,,0.22422,1.205,-0.051,3.1,-2.397,continuous_historical,False,shadow_only,
development_2023_2025,JMA_GSM,6,cadence_aware_episode,0.1,0.1,value per source interval,one_to_one_episode,25729,1115,250,78,1037,172,,0.07,0.688,0.0606,,0.22422,1.205,-0.051,3.1,-2.397,continuous_historical,False,shadow_only,2
development_2023_2025,JMA_GSM,6,complete_3h_same_numeric,0.1,0.1,value/3h,complete_3h_sum,8539,1420,1440,402,1018,1038,6081,0.2831,0.7208,0.1635,0.1365,1.01408,0.0,0.0,4.036,-3.504,continuous_historical,False,shadow_only,
development_2023_2025,JMA_GSM,6,complete_3h_rate_equivalent,0.1,0.30000000000000004,value/3h,complete_3h_sum,8539,840,1439,248,592,1191,6508,0.2952,0.8277,0.1221,0.1067,1.7131,0.0,0.0,6.476,-6.141,continuous_historical,False,shadow_only,
development_2023_2025,JMA_GSM,6,strict_hourly,1.0,1.0,value per source interval,sample,25729,853,666,69,784,597,24279,0.0809,0.8964,0.0476,0.0636,0.78077,0.0,0.0,,,continuous_historical,False,shadow_only,
development_2023_2025,JMA_GSM,6,episode_pm1h,1.0,1.0,value per source interval,one_to_one_episode,25729,523,86,13,510,73,,0.0249,0.8488,0.0218,,0.16444,0.692,-0.231,4.408,-4.331,continuous_historical,False,shadow_only,
development_2023_2025,JMA_GSM,6,episode_pm2h,1.0,1.0,value per source interval,one_to_one_episode,25729,523,86,19,504,67,,0.0363,0.7791,0.0322,,0.16444,1.105,-0.158,4.826,-4.753,continuous_historical,False,shadow_only,
development_2023_2025,JMA_GSM,6,cadence_aware_episode,1.0,1.0,value per source interval,one_to_one_episode,25729,523,86,19,504,67,,0.0363,0.7791,0.0322,,0.16444,1.105,-0.158,4.826,-4.753,continuous_historical,False,shadow_only,2
development_2023_2025,JMA_GSM,6,complete_3h_same_numeric,1.0,1.0,value/3h,complete_3h_sum,8539,652,707,118,534,589,7298,0.181,0.8331,0.0951,0.1023,1.08436,0.0,0.0,8.096,-7.936,continuous_historical,False,shadow_only,
development_2023_2025,JMA_GSM,6,complete_3h_rate_equivalent,1.0,3.0,value/3h,complete_3h_sum,8539,425,221,33,392,188,7926,0.0776,0.8507,0.0538,0.0705,0.52,0.0,0.0,11.576,-11.512,continuous_historical,False,shadow_only,
development_2023_2025,JMA_GSM,6,strict_hourly,1.5,1.5,value per source interval,sample,25729,716,252,30,686,222,24791,0.0419,0.881,0.032,0.0482,0.35196,0.0,0.0,,,continuous_historical,False,shadow_only,
development_2023_2025,JMA_GSM,6,episode_pm1h,1.5,1.5,value per source interval,one_to_one_episode,25729,458,35,3,455,32,,0.0066,0.9143,0.0061,,0.07642,0.333,0.333,8.867,-8.867,continuous_historical,False,shadow_only,
development_2023_2025,JMA_GSM,6,episode_pm2h,1.5,1.5,value per source interval,one_to_one_episode,25729,458,35,7,451,28,,0.0153,0.8,0.0144,,0.07642,1.286,0.143,4.986,-4.929,continuous_historical,False,shadow_only,
development_2023_2025,JMA_GSM,6,cadence_aware_episode,1.5,1.5,value per source interval,one_to_one_episode,25729,458,35,7,451,28,,0.0153,0.8,0.0144,,0.07642,1.286,0.143,4.986,-4.929,continuous_historical,False,shadow_only,2
development_2023_2025,JMA_GSM,6,complete_3h_same_numeric,1.5,1.5,value/3h,complete_3h_sum,8539,565,568,91,474,477,7497,0.1611,0.8398,0.0873,0.101,1.00531,0.0,0.0,9.162,-9.059,continuous_historical,False,shadow_only,
development_2023_2025,JMA_GSM,6,complete_3h_rate_equivalent,1.5,4.5,value/3h,complete_3h_sum,8539,337,84,9,328,75,8127,0.0267,0.8929,0.0218,0.0274,0.24926,0.0,0.0,13.806,-13.794,continuous_historical,False,shadow_only,
development_2023_2025,JMA_GSM,6,strict_hourly,5.0,5.0,value per source interval,sample,25729,343,0,0,343,0,25386,0.0,,0.0,0.0,0.0,,,,,continuous_historical,False,shadow_only,
development_2023_2025,JMA_GSM,6,episode_pm1h,5.0,5.0,value per source interval,one_to_one_episode,25729,277,0,0,277,0,,0.0,,0.0,,0.0,,,,,continuous_historical,False,shadow_only,
development_2023_2025,JMA_GSM,6,episode_pm2h,5.0,5.0,value per source interval,one_to_one_episode,25729,277,0,0,277,0,,0.0,,0.0,,0.0,,,,,continuous_historical,False,shadow_only,
development_2023_2025,JMA_GSM,6,cadence_aware_episode,5.0,5.0,value per source interval,one_to_one_episode,25729,277,0,0,277,0,,0.0,,0.0,,0.0,,,,,continuous_historical,False,shadow_only,2
development_2023_2025,JMA_GSM,6,complete_3h_same_numeric,5.0,5.0,value/3h,complete_3h_sum,8539,322,60,4,318,56,8161,0.0124,0.9333,0.0106,0.0092,0.18634,0.0,0.0,14.269,-14.262,continuous_historical,False,shadow_only,
development_2023_2025,JMA_GSM,6,complete_3h_rate_equivalent,5.0,15.0,value/3h,complete_3h_sum,8539,98,0,0,98,0,8441,0.0,,0.0,0.0,0.0,,,27.973,-27.973,continuous_historical,False,shadow_only,
development_2023_2025,JMA_GSM,6,strict_hourly,10.0,10.0,value per source interval,sample,25729,143,0,0,143,0,25586,0.0,,0.0,0.0,0.0,,,,,continuous_historical,False,shadow_only,
development_2023_2025,JMA_GSM,6,episode_pm1h,10.0,10.0,value per source interval,one_to_one_episode,25729,117,0,0,117,0,,0.0,,0.0,,0.0,,,,,continuous_historical,False,shadow_only,
development_2023_2025,JMA_GSM,6,episode_pm2h,10.0,10.0,value per source interval,one_to_one_episode,25729,117,0,0,117,0,,0.0,,0.0,,0.0,,,,,continuous_historical,False,shadow_only,
development_2023_2025,JMA_GSM,6,cadence_aware_episode,10.0,10.0,value per source interval,one_to_one_episode,25729,117,0,0,117,0,,0.0,,0.0,,0.0,,,,,continuous_historical,False,shadow_only,2
development_2023_2025,JMA_GSM,6,complete_3h_same_numeric,10.0,10.0,value/3h,complete_3h_sum,8539,159,2,0,159,2,8378,0.0,1.0,0.0,-0.0005,0.01258,,,21.594,-21.594,continuous_historical,False,shadow_only,
development_2023_2025,JMA_GSM,6,complete_3h_rate_equivalent,10.0,30.0,value/3h,complete_3h_sum,8539,31,0,0,31,0,8508,0.0,,0.0,0.0,0.0,,,45.084,-45.084,continuous_historical,False,shadow_only,
development_2023_2025,JMA_GSM,6,strict_hourly,20.0,20.0,value per source interval,sample,25729,43,0,0,43,0,25686,0.0,,0.0,0.0,0.0,,,,,continuous_historical,False,shadow_only,
development_2023_2025,JMA_GSM,6,episode_pm1h,20.0,20.0,value per source interval,one_to_one_episode,25729,40,0,0,40,0,,0.0,,0.0,,0.0,,,,,continuous_historical,False,shadow_only,
development_2023_2025,JMA_GSM,6,episode_pm2h,20.0,20.0,value per source interval,one_to_one_episode,25729,40,0,0,40,0,,0.0,,0.0,,0.0,,,,,continuous_historical,False,shadow_only,
development_2023_2025,JMA_GSM,6,cadence_aware_episode,20.0,20.0,value per source interval,one_to_one_episode,25729,40,0,0,40,0,,0.0,,0.0,,0.0,,,,,continuous_historical,False,shadow_only,2
development_2023_2025,JMA_GSM,6,complete_3h_same_numeric,20.0,20.0,value/3h,complete_3h_sum,8539,67,0,0,67,0,8472,0.0,,0.0,0.0,0.0,,,33.221,-33.221,continuous_historical,False,shadow_only,
development_2023_2025,JMA_GSM,6,complete_3h_rate_equivalent,20.0,60.0,value/3h,complete_3h_sum,8539,4,0,0,4,0,8535,0.0,,0.0,0.0,0.0,,,77.45,-77.45,continuous_historical,False,shadow_only,
development_2023_2025,METEOFRANCE_ARPEGE_WORLD,1,strict_hourly,0.1,0.1,value per source interval,sample,25725,2194,4899,894,1300,4005,19526,0.4075,0.8175,0.1442,0.1522,2.23291,0.0,0.0,,,continuous_historical,False,shadow_only,
development_2023_2025,METEOFRANCE_ARPEGE_WORLD,1,episode_pm1h,0.1,0.1,value per source interval,one_to_one_episode,25725,1115,908,186,929,722,,0.1668,0.7952,0.1013,,0.81435,0.64,-0.07,3.695,-2.472,continuous_historical,False,shadow_only,
development_2023_2025,METEOFRANCE_ARPEGE_WORLD,1,episode_pm2h,0.1,0.1,value per source interval,one_to_one_episode,25725,1115,908,286,829,622,,0.2565,0.685,0.1647,,0.81435,1.115,-0.059,3.824,-2.628,continuous_historical,False,shadow_only,
development_2023_2025,METEOFRANCE_ARPEGE_WORLD,1,cadence_aware_episode,0.1,0.1,value per source interval,one_to_one_episode,25725,1115,908,186,929,722,,0.1668,0.7952,0.1013,,0.81435,0.64,-0.07,3.695,-2.472,continuous_historical,False,shadow_only,1
development_2023_2025,METEOFRANCE_ARPEGE_WORLD,1,complete_3h_same_numeric,0.1,0.1,value/3h,complete_3h_sum,8535,1420,1970,610,810,1360,5755,0.4296,0.6904,0.2194,0.2064,1.38732,0.0,0.0,4.07,-2.809,continuous_historical,False,shadow_only,
development_2023_2025,METEOFRANCE_ARPEGE_WORLD,1,complete_3h_rate_equivalent,0.1,0.30000000000000004,value/3h,complete_3h_sum,8535,840,1731,387,453,1344,6351,0.4607,0.7764,0.1772,0.1943,2.06071,0.0,0.0,6.328,-5.183,continuous_historical,False,shadow_only,
development_2023_2025,METEOFRANCE_ARPEGE_WORLD,1,strict_hourly,1.0,1.0,value per source interval,sample,25725,853,1773,186,667,1587,23285,0.2181,0.8951,0.0762,0.1014,2.07855,0.0,0.0,,,continuous_historical,False,shadow_only,
development_2023_2025,METEOFRANCE_ARPEGE_WORLD,1,episode_pm1h,1.0,1.0,value per source interval,one_to_one_episode,25725,523,518,76,447,442,,0.1453,0.8533,0.0788,,0.99044,0.645,-0.013,7.221,-6.561,continuous_historical,False,shadow_only,
development_2023_2025,METEOFRANCE_ARPEGE_WORLD,1,episode_pm2h,1.0,1.0,value per source interval,one_to_one_episode,25725,523,518,112,411,406,,0.2141,0.7838,0.1206,,0.99044,1.098,-0.134,6.54,-5.985,continuous_historical,False,shadow_only,
development_2023_2025,METEOFRANCE_ARPEGE_WORLD,1,cadence_aware_episode,1.0,1.0,value per source interval,one_to_one_episode,25725,523,518,76,447,442,,0.1453,0.8533,0.0788,,0.99044,0.645,-0.013,7.221,-6.561,continuous_historical,False,shadow_only,1
development_2023_2025,METEOFRANCE_ARPEGE_WORLD,1,complete_3h_same_numeric,1.0,1.0,value/3h,complete_3h_sum,8535,652,1149,229,423,920,6963,0.3512,0.8007,0.1457,0.1738,1.76227,0.0,0.0,7.731,-6.923,continuous_historical,False,shadow_only,
development_2023_2025,METEOFRANCE_ARPEGE_WORLD,1,complete_3h_rate_equivalent,1.0,3.0,value/3h,complete_3h_sum,8535,425,566,91,334,475,7635,0.2141,0.8392,0.1011,0.1344,1.33176,0.0,0.0,10.808,-10.433,continuous_historical,False,shadow_only,
development_2023_2025,METEOFRANCE_ARPEGE_WORLD,1,strict_hourly,1.5,1.5,value per source interval,sample,25725,716,1126,120,596,1006,24003,0.1676,0.8934,0.0697,0.0997,1.57263,0.0,0.0,,,continuous_historical,False,shadow_only,
development_2023_2025,METEOFRANCE_ARPEGE_WORLD,1,episode_pm1h,1.5,1.5,value per source interval,one_to_one_episode,25725,458,359,52,406,307,,0.1135,0.8552,0.068,,0.78384,0.654,-0.038,7.473,-6.742,continuous_historical,False,shadow_only,
development_2023_2025,METEOFRANCE_ARPEGE_WORLD,1,episode_pm2h,1.5,1.5,value per source interval,one_to_one_episode,25725,458,359,80,378,279,,0.1747,0.7772,0.1085,,0.78384,1.15,-0.3,7.144,-6.569,continuous_historical,False,shadow_only,
development_2023_2025,METEOFRANCE_ARPEGE_WORLD,1,cadence_aware_episode,1.5,1.5,value per source interval,one_to_one_episode,25725,458,359,52,406,307,,0.1135,0.8552,0.068,,0.78384,0.654,-0.038,7.473,-6.742,continuous_historical,False,shadow_only,1
development_2023_2025,METEOFRANCE_ARPEGE_WORLD,1,complete_3h_same_numeric,1.5,1.5,value/3h,complete_3h_sum,8535,565,968,182,383,786,7184,0.3221,0.812,0.1347,0.1679,1.71327,0.0,0.0,8.695,-7.976,continuous_historical,False,shadow_only,
development_2023_2025,METEOFRANCE_ARPEGE_WORLD,1,complete_3h_rate_equivalent,1.5,4.5,value/3h,complete_3h_sum,8535,337,321,47,290,274,7924,0.1395,0.8536,0.0769,0.1085,0.95252,0.0,0.0,12.817,-12.59,continuous_historical,False,shadow_only,
development_2023_2025,METEOFRANCE_ARPEGE_WORLD,1,strict_hourly,5.0,5.0,value per source interval,sample,25725,343,13,1,342,12,25370,0.0029,0.9231,0.0028,0.0046,0.0379,0.0,0.0,,,continuous_historical,False,shadow_only,
development_2023_2025,METEOFRANCE_ARPEGE_WORLD,1,episode_pm1h,5.0,5.0,value per source interval,one_to_one_episode,25725,277,8,2,275,6,,0.0072,0.75,0.0071,,0.02888,0.5,0.5,1.25,1.25,continuous_historical,False,shadow_only,
development_2023_2025,METEOFRANCE_ARPEGE_WORLD,1,episode_pm2h,5.0,5.0,value per source interval,one_to_one_episode,25725,277,8,2,275,6,,0.0072,0.75,0.0071,,0.02888,0.5,0.5,1.25,1.25,continuous_historical,False,shadow_only,
development_2023_2025,METEOFRANCE_ARPEGE_WORLD,1,cadence_aware_episode,5.0,5.0,value per source interval,one_to_one_episode,25725,277,8,2,275,6,,0.0072,0.75,0.0071,,0.02888,0.5,0.5,1.25,1.25,continuous_historical,False,shadow_only,1
development_2023_2025,METEOFRANCE_ARPEGE_WORLD,1,complete_3h_same_numeric,5.0,5.0,value/3h,complete_3h_sum,8535,322,268,37,285,231,7982,0.1149,0.8619,0.0669,0.0944,0.8323,0.0,0.0,13.221,-13.071,continuous_historical,False,shadow_only,
development_2023_2025,METEOFRANCE_ARPEGE_WORLD,1,complete_3h_rate_equivalent,5.0,15.0,value/3h,complete_3h_sum,8535,98,2,0,98,2,8435,0.0,1.0,0.0,-0.0005,0.02041,,,26.396,-26.396,continuous_historical,False,shadow_only,
development_2023_2025,METEOFRANCE_ARPEGE_WORLD,1,strict_hourly,10.0,10.0,value per source interval,sample,25725,143,0,0,143,0,25582,0.0,,0.0,0.0,0.0,,,,,continuous_historical,False,shadow_only,
development_2023_2025,METEOFRANCE_ARPEGE_WORLD,1,episode_pm1h,10.0,10.0,value per source interval,one_to_one_episode,25725,117,0,0,117,0,,0.0,,0.0,,0.0,,,,,continuous_historical,False,shadow_only,
development_2023_2025,METEOFRANCE_ARPEGE_WORLD,1,episode_pm2h,10.0,10.0,value per source interval,one_to_one_episode,25725,117,0,0,117,0,,0.0,,0.0,,0.0,,,,,continuous_historical,False,shadow_only,
development_2023_2025,METEOFRANCE_ARPEGE_WORLD,1,cadence_aware_episode,10.0,10.0,value per source interval,one_to_one_episode,25725,117,0,0,117,0,,0.0,,0.0,,0.0,,,,,continuous_historical,False,shadow_only,1
development_2023_2025,METEOFRANCE_ARPEGE_WORLD,1,complete_3h_same_numeric,10.0,10.0,value/3h,complete_3h_sum,8535,159,41,6,153,35,8341,0.0377,0.8537,0.0309,0.0528,0.25786,0.0,0.0,20.12,-20.12,continuous_historical,False,shadow_only,
development_2023_2025,METEOFRANCE_ARPEGE_WORLD,1,complete_3h_rate_equivalent,10.0,30.0,value/3h,complete_3h_sum,8535,31,0,0,31,0,8504,0.0,,0.0,0.0,0.0,,,43.365,-43.365,continuous_historical,False,shadow_only,
development_2023_2025,METEOFRANCE_ARPEGE_WORLD,1,strict_hourly,20.0,20.0,value per source interval,sample,25725,43,0,0,43,0,25682,0.0,,0.0,0.0,0.0,,,,,continuous_historical,False,shadow_only,
development_2023_2025,METEOFRANCE_ARPEGE_WORLD,1,episode_pm1h,20.0,20.0,value per source interval,one_to_one_episode,25725,40,0,0,40,0,,0.0,,0.0,,0.0,,,,,continuous_historical,False,shadow_only,
development_2023_2025,METEOFRANCE_ARPEGE_WORLD,1,episode_pm2h,20.0,20.0,value per source interval,one_to_one_episode,25725,40,0,0,40,0,,0.0,,0.0,,0.0,,,,,continuous_historical,False,shadow_only,
development_2023_2025,METEOFRANCE_ARPEGE_WORLD,1,cadence_aware_episode,20.0,20.0,value per source interval,one_to_one_episode,25725,40,0,0,40,0,,0.0,,0.0,,0.0,,,,,continuous_historical,False,shadow_only,1
development_2023_2025,METEOFRANCE_ARPEGE_WORLD,1,complete_3h_same_numeric,20.0,20.0,value/3h,complete_3h_sum,8535,67,0,0,67,0,8468,0.0,,0.0,0.0,0.0,,,31.512,-31.512,continuous_historical,False,shadow_only,
development_2023_2025,METEOFRANCE_ARPEGE_WORLD,1,complete_3h_rate_equivalent,20.0,60.0,value/3h,complete_3h_sum,8535,4,0,0,4,0,8531,0.0,,0.0,0.0,0.0,,,74.45,-74.45,continuous_historical,False,shadow_only,
development_2023_2025,UKMO_GLOBAL_10KM,1,strict_hourly,0.1,0.1,value per source interval,sample,25729,2194,4630,587,1607,4043,19492,0.2675,0.8732,0.0941,0.0637,2.1103,0.0,0.0,,,continuous_historical,False,shadow_only,
development_2023_2025,UKMO_GLOBAL_10KM,1,episode_pm1h,0.1,0.1,value per source interval,one_to_one_episode,25729,1115,1606,290,825,1316,,0.2601,0.8194,0.1193,,1.44036,0.655,0.028,4.408,-2.306,continuous_historical,False,shadow_only,
development_2023_2025,UKMO_GLOBAL_10KM,1,episode_pm2h,0.1,0.1,value per source interval,one_to_one_episode,25729,1115,1606,404,711,1202,,0.3623,0.7484,0.1744,,1.44036,1.04,0.0,4.732,-2.691,continuous_historical,False,shadow_only,
development_2023_2025,UKMO_GLOBAL_10KM,1,cadence_aware_episode,0.1,0.1,value per source interval,one_to_one_episode,25729,1115,1606,290,825,1316,,0.2601,0.8194,0.1193,,1.44036,0.655,0.028,4.408,-2.306,continuous_historical,False,shadow_only,1
development_2023_2025,UKMO_GLOBAL_10KM,1,complete_3h_same_numeric,0.1,0.1,value/3h,complete_3h_sum,8539,1420,2414,595,825,1819,5300,0.419,0.7535,0.1837,0.1277,1.7,0.0,0.0,4.172,-3.016,continuous_historical,False,shadow_only,
development_2023_2025,UKMO_GLOBAL_10KM,1,complete_3h_rate_equivalent,0.1,0.30000000000000004,value/3h,complete_3h_sum,8539,840,1603,298,542,1305,6394,0.3548,0.8141,0.1389,0.1319,1.90833,0.0,0.0,6.481,-5.555,continuous_historical,False,shadow_only,
development_2023_2025,UKMO_GLOBAL_10KM,1,strict_hourly,1.0,1.0,value per source interval,sample,25729,853,1215,93,760,1122,23754,0.109,0.9235,0.0471,0.0531,1.42438,0.0,0.0,,,continuous_historical,False,shadow_only,
development_2023_2025,UKMO_GLOBAL_10KM,1,episode_pm1h,1.0,1.0,value per source interval,one_to_one_episode,25729,523,708,94,429,614,,0.1797,0.8672,0.0827,,1.35373,0.649,-0.032,5.538,-3.402,continuous_historical,False,shadow_only,
development_2023_2025,UKMO_GLOBAL_10KM,1,episode_pm2h,1.0,1.0,value per source interval,one_to_one_episode,25729,523,708,135,388,573,,0.2581,0.8093,0.1232,,1.35373,1.074,-0.215,6.084,-4.478,continuous_historical,False,shadow_only,
development_2023_2025,UKMO_GLOBAL_10KM,1,cadence_aware_episode,1.0,1.0,value per source interval,one_to_one_episode,25729,523,708,94,429,614,,0.1797,0.8672,0.0827,,1.35373,0.649,-0.032,5.538,-3.402,continuous_historical,False,shadow_only,1
development_2023_2025,UKMO_GLOBAL_10KM,1,complete_3h_same_numeric,1.0,1.0,value/3h,complete_3h_sum,8539,652,953,162,490,791,7096,0.2485,0.83,0.1123,0.1223,1.46166,0.0,0.0,8.005,-7.3,continuous_historical,False,shadow_only,
development_2023_2025,UKMO_GLOBAL_10KM,1,complete_3h_rate_equivalent,1.0,3.0,value/3h,complete_3h_sum,8539,425,466,55,370,411,7703,0.1294,0.882,0.0658,0.0753,1.09647,0.0,0.0,11.241,-10.908,continuous_historical,False,shadow_only,
development_2023_2025,UKMO_GLOBAL_10KM,1,strict_hourly,1.5,1.5,value per source interval,sample,25729,716,853,59,657,794,24219,0.0824,0.9308,0.0391,0.0464,1.19134,0.0,0.0,,,continuous_historical,False,shadow_only,
development_2023_2025,UKMO_GLOBAL_10KM,1,episode_pm1h,1.5,1.5,value per source interval,one_to_one_episode,25729,458,549,63,395,486,,0.1376,0.8852,0.0667,,1.19869,0.651,-0.016,6.41,-4.559,continuous_historical,False,shadow_only,
development_2023_2025,UKMO_GLOBAL_10KM,1,episode_pm2h,1.5,1.5,value per source interval,one_to_one_episode,25729,458,549,94,364,455,,0.2052,0.8288,0.103,,1.19869,1.117,-0.245,5.778,-4.469,continuous_historical,False,shadow_only,
development_2023_2025,UKMO_GLOBAL_10KM,1,cadence_aware_episode,1.5,1.5,value per source interval,one_to_one_episode,25729,458,549,63,395,486,,0.1376,0.8852,0.0667,,1.19869,0.651,-0.016,6.41,-4.559,continuous_historical,False,shadow_only,1
development_2023_2025,UKMO_GLOBAL_10KM,1,complete_3h_same_numeric,1.5,1.5,value/3h,complete_3h_sum,8539,565,780,123,442,657,7317,0.2177,0.8423,0.1007,0.115,1.38053,0.0,0.0,8.985,-8.41,continuous_historical,False,shadow_only,
development_2023_2025,UKMO_GLOBAL_10KM,1,complete_3h_rate_equivalent,1.5,4.5,value/3h,complete_3h_sum,8539,337,292,31,306,261,7941,0.092,0.8938,0.0518,0.0643,0.86647,0.0,0.0,13.296,-13.095,continuous_historical,False,shadow_only,
development_2023_2025,UKMO_GLOBAL_10KM,1,strict_hourly,5.0,5.0,value per source interval,sample,25729,343,181,10,333,171,25215,0.0292,0.9448,0.0195,0.0292,0.5277,0.0,0.0,,,continuous_historical,False,shadow_only,
development_2023_2025,UKMO_GLOBAL_10KM,1,episode_pm1h,5.0,5.0,value per source interval,one_to_one_episode,25729,277,155,12,265,143,,0.0433,0.9226,0.0286,,0.55957,0.583,-0.417,4.733,-4.183,continuous_historical,False,shadow_only,
development_2023_2025,UKMO_GLOBAL_10KM,1,episode_pm2h,5.0,5.0,value per source interval,one_to_one_episode,25729,277,155,23,254,132,,0.083,0.8516,0.0562,,0.55957,1.261,-0.652,6.826,-6.139,continuous_historical,False,shadow_only,
development_2023_2025,UKMO_GLOBAL_10KM,1,cadence_aware_episode,5.0,5.0,value per source interval,one_to_one_episode,25729,277,155,12,265,143,,0.0433,0.9226,0.0286,,0.55957,0.583,-0.417,4.733,-4.183,continuous_historical,False,shadow_only,1
development_2023_2025,UKMO_GLOBAL_10KM,1,complete_3h_same_numeric,5.0,5.0,value/3h,complete_3h_sum,8539,322,258,25,297,233,7984,0.0776,0.9031,0.045,0.0545,0.80124,0.0,0.0,13.735,-13.585,continuous_historical,False,shadow_only,
development_2023_2025,UKMO_GLOBAL_10KM,1,complete_3h_rate_equivalent,5.0,15.0,value/3h,complete_3h_sum,8539,98,17,1,97,16,8425,0.0102,0.9412,0.0088,0.014,0.17347,0.0,0.0,27.404,-27.32,continuous_historical,False,shadow_only,
development_2023_2025,UKMO_GLOBAL_10KM,1,strict_hourly,10.0,10.0,value per source interval,sample,25729,143,34,0,143,34,25552,0.0,1.0,0.0,-0.0021,0.23776,,,,,continuous_historical,False,shadow_only,
development_2023_2025,UKMO_GLOBAL_10KM,1,episode_pm1h,10.0,10.0,value per source interval,one_to_one_episode,25729,117,32,1,116,31,,0.0085,0.9688,0.0068,,0.2735,1.0,-1.0,6.4,-6.4,continuous_historical,False,shadow_only,
development_2023_2025,UKMO_GLOBAL_10KM,1,episode_pm2h,10.0,10.0,value per source interval,one_to_one_episode,25729,117,32,1,116,31,,0.0085,0.9688,0.0068,,0.2735,1.0,-1.0,6.4,-6.4,continuous_historical,False,shadow_only,
development_2023_2025,UKMO_GLOBAL_10KM,1,cadence_aware_episode,10.0,10.0,value per source interval,one_to_one_episode,25729,117,32,1,116,31,,0.0085,0.9688,0.0068,,0.2735,1.0,-1.0,6.4,-6.4,continuous_historical,False,shadow_only,1
development_2023_2025,UKMO_GLOBAL_10KM,1,complete_3h_same_numeric,10.0,10.0,value/3h,complete_3h_sum,8539,159,72,4,155,68,8312,0.0252,0.9444,0.0176,0.0233,0.45283,0.0,0.0,20.813,-20.7,continuous_historical,False,shadow_only,
development_2023_2025,UKMO_GLOBAL_10KM,1,complete_3h_rate_equivalent,10.0,30.0,value/3h,complete_3h_sum,8539,31,2,0,31,2,8506,0.0,1.0,0.0,-0.0004,0.06452,,,45.213,-45.213,continuous_historical,False,shadow_only,
development_2023_2025,UKMO_GLOBAL_10KM,1,strict_hourly,20.0,20.0,value per source interval,sample,25729,43,3,0,43,3,25683,0.0,1.0,0.0,-0.0002,0.06977,,,,,continuous_historical,False,shadow_only,
development_2023_2025,UKMO_GLOBAL_10KM,1,episode_pm1h,20.0,20.0,value per source interval,one_to_one_episode,25729,40,2,0,40,2,,0.0,1.0,0.0,,0.05,,,,,continuous_historical,False,shadow_only,
development_2023_2025,UKMO_GLOBAL_10KM,1,episode_pm2h,20.0,20.0,value per source interval,one_to_one_episode,25729,40,2,0,40,2,,0.0,1.0,0.0,,0.05,,,,,continuous_historical,False,shadow_only,
development_2023_2025,UKMO_GLOBAL_10KM,1,cadence_aware_episode,20.0,20.0,value per source interval,one_to_one_episode,25729,40,2,0,40,2,,0.0,1.0,0.0,,0.05,,,,,continuous_historical,False,shadow_only,1
development_2023_2025,UKMO_GLOBAL_10KM,1,complete_3h_same_numeric,20.0,20.0,value/3h,complete_3h_sum,8539,67,9,0,67,9,8463,0.0,1.0,0.0,-0.0019,0.13433,,,32.796,-32.796,continuous_historical,False,shadow_only,
development_2023_2025,UKMO_GLOBAL_10KM,1,complete_3h_rate_equivalent,20.0,60.0,value/3h,complete_3h_sum,8539,4,1,0,4,1,8534,0.0,1.0,0.0,-0.0002,0.25,,,77.425,-77.425,continuous_historical,False,shadow_only,
holdout_2026_h1,ECMWF_HRES,1,strict_hourly,0.1,0.1,value per source interval,sample,4224,348,1785,267,81,1518,2358,0.7672,0.8504,0.1431,0.1304,5.12931,0.0,0.0,,,continuous_historical,False,shadow_only,
holdout_2026_h1,ECMWF_HRES,1,episode_pm1h,0.1,0.1,value per source interval,one_to_one_episode,4224,173,201,37,136,164,,0.2139,0.8159,0.1098,,1.16185,0.622,0.027,3.646,-2.862,continuous_historical,False,shadow_only,
holdout_2026_h1,ECMWF_HRES,1,episode_pm2h,0.1,0.1,value per source interval,one_to_one_episode,4224,173,201,49,124,152,,0.2832,0.7562,0.1508,,1.16185,0.959,-0.306,3.518,-2.922,continuous_historical,False,shadow_only,
holdout_2026_h1,ECMWF_HRES,1,cadence_aware_episode,0.1,0.1,value per source interval,one_to_one_episode,4224,173,201,37,136,164,,0.2139,0.8159,0.1098,,1.16185,0.622,0.027,3.646,-2.862,continuous_historical,False,shadow_only,1
holdout_2026_h1,ECMWF_HRES,1,complete_3h_same_numeric,0.1,0.1,value/3h,complete_3h_sum,1399,222,593,163,59,430,747,0.7342,0.7251,0.25,0.2198,2.67117,0.0,0.0,2.866,-0.901,continuous_historical,False,shadow_only,
holdout_2026_h1,ECMWF_HRES,1,complete_3h_rate_equivalent,0.1,0.30000000000000004,value/3h,complete_3h_sum,1399,128,593,104,24,489,782,0.8125,0.8246,0.1686,0.1624,4.63281,0.0,0.0,4.105,-2.345,continuous_historical,False,shadow_only,
holdout_2026_h1,ECMWF_HRES,1,strict_hourly,1.0,1.0,value per source interval,sample,4224,95,335,29,66,306,3823,0.3053,0.9134,0.0723,0.1035,3.52632,0.0,0.0,,,continuous_historical,False,shadow_only,
holdout_2026_h1,ECMWF_HRES,1,episode_pm1h,1.0,1.0,value per source interval,one_to_one_episode,4224,67,82,11,56,71,,0.1642,0.8659,0.0797,,1.22388,0.545,0.0,6.491,-5.891,continuous_historical,False,shadow_only,
holdout_2026_h1,ECMWF_HRES,1,episode_pm2h,1.0,1.0,value per source interval,one_to_one_episode,4224,67,82,19,48,63,,0.2836,0.7683,0.1462,,1.22388,1.158,-0.421,5.553,-5.195,continuous_historical,False,shadow_only,
holdout_2026_h1,ECMWF_HRES,1,cadence_aware_episode,1.0,1.0,value per source interval,one_to_one_episode,4224,67,82,11,56,71,,0.1642,0.8659,0.0797,,1.22388,0.545,0.0,6.491,-5.891,continuous_historical,False,shadow_only,1
holdout_2026_h1,ECMWF_HRES,1,complete_3h_same_numeric,1.0,1.0,value/3h,complete_3h_sum,1399,91,232,54,37,178,1130,0.5934,0.7672,0.2007,0.2658,2.54945,0.0,0.0,5.235,-3.686,continuous_historical,False,shadow_only,
holdout_2026_h1,ECMWF_HRES,1,complete_3h_rate_equivalent,1.0,3.0,value/3h,complete_3h_sum,1399,48,111,17,31,94,1257,0.3542,0.8468,0.1197,0.1743,2.3125,0.0,0.0,8.392,-7.292,continuous_historical,False,shadow_only,
holdout_2026_h1,ECMWF_HRES,1,strict_hourly,1.5,1.5,value per source interval,sample,4224,79,188,18,61,170,3975,0.2278,0.9043,0.0723,0.1114,2.37975,0.0,0.0,,,continuous_historical,False,shadow_only,
holdout_2026_h1,ECMWF_HRES,1,episode_pm1h,1.5,1.5,value per source interval,one_to_one_episode,4224,56,51,10,46,41,,0.1786,0.8039,0.1031,,0.91071,0.5,0.1,6.81,-6.81,continuous_historical,False,shadow_only,
holdout_2026_h1,ECMWF_HRES,1,episode_pm2h,1.5,1.5,value per source interval,one_to_one_episode,4224,56,51,16,40,35,,0.2857,0.6863,0.1758,,0.91071,1.062,-0.438,6.294,-6.281,continuous_historical,False,shadow_only,
holdout_2026_h1,ECMWF_HRES,1,cadence_aware_episode,1.5,1.5,value per source interval,one_to_one_episode,4224,56,51,10,46,41,,0.1786,0.8039,0.1031,,0.91071,0.5,0.1,6.81,-6.81,continuous_historical,False,shadow_only,1
holdout_2026_h1,ECMWF_HRES,1,complete_3h_same_numeric,1.5,1.5,value/3h,complete_3h_sum,1399,77,203,40,37,163,1159,0.5195,0.803,0.1667,0.2238,2.63636,0.0,0.0,5.869,-4.573,continuous_historical,False,shadow_only,
holdout_2026_h1,ECMWF_HRES,1,complete_3h_rate_equivalent,1.5,4.5,value/3h,complete_3h_sum,1399,32,62,8,24,54,1313,0.25,0.871,0.093,0.1444,1.9375,0.0,0.0,11.266,-10.484,continuous_historical,False,shadow_only,
holdout_2026_h1,ECMWF_HRES,1,strict_hourly,5.0,5.0,value per source interval,sample,4224,30,3,0,30,3,4191,0.0,1.0,0.0,-0.0013,0.1,,,,,continuous_historical,False,shadow_only,
holdout_2026_h1,ECMWF_HRES,1,episode_pm1h,5.0,5.0,value per source interval,one_to_one_episode,4224,26,1,0,26,1,,0.0,1.0,0.0,,0.03846,,,,,continuous_historical,False,shadow_only,
holdout_2026_h1,ECMWF_HRES,1,episode_pm2h,5.0,5.0,value per source interval,one_to_one_episode,4224,26,1,0,26,1,,0.0,1.0,0.0,,0.03846,,,,,continuous_historical,False,shadow_only,
holdout_2026_h1,ECMWF_HRES,1,cadence_aware_episode,5.0,5.0,value per source interval,one_to_one_episode,4224,26,1,0,26,1,,0.0,1.0,0.0,,0.03846,,,,,continuous_historical,False,shadow_only,1
holdout_2026_h1,ECMWF_HRES,1,complete_3h_same_numeric,5.0,5.0,value/3h,complete_3h_sum,1399,30,47,7,23,40,1329,0.2333,0.8511,0.1,0.1598,1.56667,0.0,0.0,11.747,-10.913,continuous_historical,False,shadow_only,
holdout_2026_h1,ECMWF_HRES,1,complete_3h_rate_equivalent,5.0,15.0,value/3h,complete_3h_sum,1399,8,1,0,8,1,1390,0.0,1.0,0.0,-0.0013,0.125,,,24.475,-24.475,continuous_historical,False,shadow_only,
holdout_2026_h1,ECMWF_HRES,1,strict_hourly,10.0,10.0,value per source interval,sample,4224,15,0,0,15,0,4209,0.0,,0.0,0.0,0.0,,,,,continuous_historical,False,shadow_only,
holdout_2026_h1,ECMWF_HRES,1,episode_pm1h,10.0,10.0,value per source interval,one_to_one_episode,4224,14,0,0,14,0,,0.0,,0.0,,0.0,,,,,continuous_historical,False,shadow_only,
holdout_2026_h1,ECMWF_HRES,1,episode_pm2h,10.0,10.0,value per source interval,one_to_one_episode,4224,14,0,0,14,0,,0.0,,0.0,,0.0,,,,,continuous_historical,False,shadow_only,
holdout_2026_h1,ECMWF_HRES,1,cadence_aware_episode,10.0,10.0,value per source interval,one_to_one_episode,4224,14,0,0,14,0,,0.0,,0.0,,0.0,,,,,continuous_historical,False,shadow_only,1
holdout_2026_h1,ECMWF_HRES,1,complete_3h_same_numeric,10.0,10.0,value/3h,complete_3h_sum,1399,17,11,0,17,11,1371,0.0,1.0,0.0,-0.0096,0.64706,,,16.971,-16.971,continuous_historical,False,shadow_only,
holdout_2026_h1,ECMWF_HRES,1,complete_3h_rate_equivalent,10.0,30.0,value/3h,complete_3h_sum,1399,3,0,0,3,0,1396,0.0,,0.0,0.0,0.0,,,37.233,-37.233,continuous_historical,False,shadow_only,
holdout_2026_h1,ECMWF_HRES,1,strict_hourly,20.0,20.0,value per source interval,sample,4224,3,0,0,3,0,4221,0.0,,0.0,0.0,0.0,,,,,continuous_historical,False,shadow_only,
holdout_2026_h1,ECMWF_HRES,1,episode_pm1h,20.0,20.0,value per source interval,one_to_one_episode,4224,3,0,0,3,0,,0.0,,0.0,,0.0,,,,,continuous_historical,False,shadow_only,
holdout_2026_h1,ECMWF_HRES,1,episode_pm2h,20.0,20.0,value per source interval,one_to_one_episode,4224,3,0,0,3,0,,0.0,,0.0,,0.0,,,,,continuous_historical,False,shadow_only,
holdout_2026_h1,ECMWF_HRES,1,cadence_aware_episode,20.0,20.0,value per source interval,one_to_one_episode,4224,3,0,0,3,0,,0.0,,0.0,,0.0,,,,,continuous_historical,False,shadow_only,1
holdout_2026_h1,ECMWF_HRES,1,complete_3h_same_numeric,20.0,20.0,value/3h,complete_3h_sum,1399,4,1,0,4,1,1394,0.0,1.0,0.0,-0.0011,0.25,,,33.325,-33.325,continuous_historical,False,shadow_only,
holdout_2026_h1,ECMWF_HRES,1,complete_3h_rate_equivalent,20.0,60.0,value/3h,complete_3h_sum,1399,0,0,0,0,0,1399,,,,,,,,,,continuous_historical,False,shadow_only,
holdout_2026_h1,GFS_GLOBAL,1,strict_hourly,0.1,0.1,value per source interval,sample,4224,348,1626,210,138,1416,2460,0.6034,0.8708,0.119,0.0891,4.67241,0.0,0.0,,,continuous_historical,False,shadow_only,
holdout_2026_h1,GFS_GLOBAL,1,episode_pm1h,0.1,0.1,value per source interval,one_to_one_episode,4224,173,318,42,131,276,,0.2428,0.8679,0.0935,,1.83815,0.595,-0.024,3.971,-2.624,continuous_historical,False,shadow_only,
holdout_2026_h1,GFS_GLOBAL,1,episode_pm2h,0.1,0.1,value per source interval,one_to_one_episode,4224,173,318,76,97,242,,0.4393,0.761,0.1831,,1.83815,1.237,-0.316,3.074,-1.832,continuous_historical,False,shadow_only,
holdout_2026_h1,GFS_GLOBAL,1,cadence_aware_episode,0.1,0.1,value per source interval,one_to_one_episode,4224,173,318,42,131,276,,0.2428,0.8679,0.0935,,1.83815,0.595,-0.024,3.971,-2.624,continuous_historical,False,shadow_only,1
holdout_2026_h1,GFS_GLOBAL,1,complete_3h_same_numeric,0.1,0.1,value/3h,complete_3h_sum,1399,222,722,160,62,562,615,0.7207,0.7784,0.2041,0.1271,3.25225,0.0,0.0,2.99,-0.627,continuous_historical,False,shadow_only,
holdout_2026_h1,GFS_GLOBAL,1,complete_3h_rate_equivalent,0.1,0.30000000000000004,value/3h,complete_3h_sum,1399,128,577,86,42,491,780,0.6719,0.851,0.1389,0.1108,4.50781,0.0,0.0,3.955,-2.249,continuous_historical,False,shadow_only,
holdout_2026_h1,GFS_GLOBAL,1,strict_hourly,1.0,1.0,value per source interval,sample,4224,95,512,33,62,479,3650,0.3474,0.9355,0.0575,0.0736,5.38947,0.0,0.0,,,continuous_historical,False,shadow_only,
holdout_2026_h1,GFS_GLOBAL,1,episode_pm1h,1.0,1.0,value per source interval,one_to_one_episode,4224,67,179,24,43,155,,0.3582,0.8659,0.1081,,2.67164,0.625,-0.292,5.667,-5.05,continuous_historical,False,shadow_only,
holdout_2026_h1,GFS_GLOBAL,1,episode_pm2h,1.0,1.0,value per source interval,one_to_one_episode,4224,67,179,36,31,143,,0.5373,0.7989,0.1714,,2.67164,1.083,-0.528,4.625,-3.903,continuous_historical,False,shadow_only,
holdout_2026_h1,GFS_GLOBAL,1,cadence_aware_episode,1.0,1.0,value per source interval,one_to_one_episode,4224,67,179,24,43,155,,0.3582,0.8659,0.1081,,2.67164,0.625,-0.292,5.667,-5.05,continuous_historical,False,shadow_only,1
holdout_2026_h1,GFS_GLOBAL,1,complete_3h_same_numeric,1.0,1.0,value/3h,complete_3h_sum,1399,91,384,58,33,326,982,0.6374,0.849,0.1391,0.1554,4.21978,0.0,0.0,4.866,-3.664,continuous_historical,False,shadow_only,
holdout_2026_h1,GFS_GLOBAL,1,complete_3h_rate_equivalent,1.0,3.0,value/3h,complete_3h_sum,1399,48,142,13,35,129,1222,0.2708,0.9085,0.0734,0.0902,2.95833,0.0,0.0,7.756,-7.344,continuous_historical,False,shadow_only,
holdout_2026_h1,GFS_GLOBAL,1,strict_hourly,1.5,1.5,value per source interval,sample,4224,79,272,20,59,252,3893,0.2532,0.9265,0.0604,0.0875,3.44304,0.0,0.0,,,continuous_historical,False,shadow_only,
holdout_2026_h1,GFS_GLOBAL,1,episode_pm1h,1.5,1.5,value per source interval,one_to_one_episode,4224,56,111,15,41,96,,0.2679,0.8649,0.0987,,1.98214,0.467,-0.2,7.887,-7.62,continuous_historical,False,shadow_only,
holdout_2026_h1,GFS_GLOBAL,1,episode_pm2h,1.5,1.5,value per source interval,one_to_one_episode,4224,56,111,23,33,88,,0.4107,0.7928,0.1597,,1.98214,1.0,-0.304,5.617,-5.017,continuous_historical,False,shadow_only,
holdout_2026_h1,GFS_GLOBAL,1,cadence_aware_episode,1.5,1.5,value per source interval,one_to_one_episode,4224,56,111,15,41,96,,0.2679,0.8649,0.0987,,1.98214,0.467,-0.2,7.887,-7.62,continuous_historical,False,shadow_only,1
holdout_2026_h1,GFS_GLOBAL,1,complete_3h_same_numeric,1.5,1.5,value/3h,complete_3h_sum,1399,77,307,45,32,262,1060,0.5844,0.8534,0.1327,0.1605,3.98701,0.0,0.0,5.418,-4.509,continuous_historical,False,shadow_only,
holdout_2026_h1,GFS_GLOBAL,1,complete_3h_rate_equivalent,1.5,4.5,value/3h,complete_3h_sum,1399,32,66,8,24,58,1309,0.25,0.8788,0.0889,0.1367,2.0625,0.0,0.0,10.35,-10.212,continuous_historical,False,shadow_only,
holdout_2026_h1,GFS_GLOBAL,1,strict_hourly,5.0,5.0,value per source interval,sample,4224,30,9,1,29,8,4186,0.0333,0.8889,0.0263,0.0482,0.3,0.0,0.0,,,continuous_historical,False,shadow_only,
holdout_2026_h1,GFS_GLOBAL,1,episode_pm1h,5.0,5.0,value per source interval,one_to_one_episode,4224,26,4,1,25,3,,0.0385,0.75,0.0345,,0.15385,0.0,0.0,11.1,-11.1,continuous_historical,False,shadow_only,
holdout_2026_h1,GFS_GLOBAL,1,episode_pm2h,5.0,5.0,value per source interval,one_to_one_episode,4224,26,4,1,25,3,,0.0385,0.75,0.0345,,0.15385,0.0,0.0,11.1,-11.1,continuous_historical,False,shadow_only,
holdout_2026_h1,GFS_GLOBAL,1,cadence_aware_episode,5.0,5.0,value per source interval,one_to_one_episode,4224,26,4,1,25,3,,0.0385,0.75,0.0345,,0.15385,0.0,0.0,11.1,-11.1,continuous_historical,False,shadow_only,1
holdout_2026_h1,GFS_GLOBAL,1,complete_3h_same_numeric,5.0,5.0,value/3h,complete_3h_sum,1399,30,57,6,24,51,1318,0.2,0.8947,0.0741,0.113,1.9,0.0,0.0,10.937,-10.93,continuous_historical,False,shadow_only,
holdout_2026_h1,GFS_GLOBAL,1,complete_3h_rate_equivalent,5.0,15.0,value/3h,complete_3h_sum,1399,8,2,0,8,2,1389,0.0,1.0,0.0,-0.0023,0.25,,,21.788,-21.788,continuous_historical,False,shadow_only,
holdout_2026_h1,GFS_GLOBAL,1,strict_hourly,10.0,10.0,value per source interval,sample,4224,15,3,0,15,3,4206,0.0,1.0,0.0,-0.0012,0.2,,,,,continuous_historical,False,shadow_only,
holdout_2026_h1,GFS_GLOBAL,1,episode_pm1h,10.0,10.0,value per source interval,one_to_one_episode,4224,14,1,0,14,1,,0.0,1.0,0.0,,0.07143,,,,,continuous_historical,False,shadow_only,
holdout_2026_h1,GFS_GLOBAL,1,episode_pm2h,10.0,10.0,value per source interval,one_to_one_episode,4224,14,1,0,14,1,,0.0,1.0,0.0,,0.07143,,,,,continuous_historical,False,shadow_only,
holdout_2026_h1,GFS_GLOBAL,1,cadence_aware_episode,10.0,10.0,value per source interval,one_to_one_episode,4224,14,1,0,14,1,,0.0,1.0,0.0,,0.07143,,,,,continuous_historical,False,shadow_only,1
holdout_2026_h1,GFS_GLOBAL,1,complete_3h_same_numeric,10.0,10.0,value/3h,complete_3h_sum,1399,17,6,2,15,4,1378,0.1176,0.6667,0.0952,0.1686,0.35294,0.0,0.0,15.565,-15.565,continuous_historical,False,shadow_only,
holdout_2026_h1,GFS_GLOBAL,1,complete_3h_rate_equivalent,10.0,30.0,value/3h,complete_3h_sum,1399,3,1,0,3,1,1395,0.0,1.0,0.0,-0.0011,0.33333,,,31.367,-31.367,continuous_historical,False,shadow_only,
holdout_2026_h1,GFS_GLOBAL,1,strict_hourly,20.0,20.0,value per source interval,sample,4224,3,1,0,3,1,4220,0.0,1.0,0.0,-0.0004,0.33333,,,,,continuous_historical,False,shadow_only,
holdout_2026_h1,GFS_GLOBAL,1,episode_pm1h,20.0,20.0,value per source interval,one_to_one_episode,4224,3,1,0,3,1,,0.0,1.0,0.0,,0.33333,,,,,continuous_historical,False,shadow_only,
holdout_2026_h1,GFS_GLOBAL,1,episode_pm2h,20.0,20.0,value per source interval,one_to_one_episode,4224,3,1,0,3,1,,0.0,1.0,0.0,,0.33333,,,,,continuous_historical,False,shadow_only,
holdout_2026_h1,GFS_GLOBAL,1,cadence_aware_episode,20.0,20.0,value per source interval,one_to_one_episode,4224,3,1,0,3,1,,0.0,1.0,0.0,,0.33333,,,,,continuous_historical,False,shadow_only,1
holdout_2026_h1,GFS_GLOBAL,1,complete_3h_same_numeric,20.0,20.0,value/3h,complete_3h_sum,1399,4,1,0,4,1,1394,0.0,1.0,0.0,-0.0011,0.25,,,29.825,-29.825,continuous_historical,False,shadow_only,
holdout_2026_h1,GFS_GLOBAL,1,complete_3h_rate_equivalent,20.0,60.0,value/3h,complete_3h_sum,1399,0,0,0,0,0,1399,,,,,,,,,,continuous_historical,False,shadow_only,
holdout_2026_h1,ICON_SEAMLESS,1,strict_hourly,0.1,0.1,value per source interval,sample,4224,348,1302,210,138,1092,2784,0.6034,0.8387,0.1458,0.1431,3.74138,0.0,0.0,,,continuous_historical,False,shadow_only,
holdout_2026_h1,ICON_SEAMLESS,1,episode_pm1h,0.1,0.1,value per source interval,one_to_one_episode,4224,173,255,43,130,212,,0.2486,0.8314,0.1117,,1.47399,0.698,-0.047,2.942,-1.449,continuous_historical,False,shadow_only,
holdout_2026_h1,ICON_SEAMLESS,1,episode_pm2h,0.1,0.1,value per source interval,one_to_one_episode,4224,173,255,61,112,194,,0.3526,0.7608,0.1662,,1.47399,1.082,-0.131,3.834,-2.418,continuous_historical,False,shadow_only,
holdout_2026_h1,ICON_SEAMLESS,1,cadence_aware_episode,0.1,0.1,value per source interval,one_to_one_episode,4224,173,255,43,130,212,,0.2486,0.8314,0.1117,,1.47399,0.698,-0.047,2.942,-1.449,continuous_historical,False,shadow_only,1
holdout_2026_h1,ICON_SEAMLESS,1,complete_3h_same_numeric,0.1,0.1,value/3h,complete_3h_sum,1399,222,580,155,67,425,752,0.6982,0.7328,0.2396,0.2038,2.61261,0.0,0.0,2.879,-0.993,continuous_historical,False,shadow_only,
holdout_2026_h1,ICON_SEAMLESS,1,complete_3h_rate_equivalent,0.1,0.30000000000000004,value/3h,complete_3h_sum,1399,128,426,81,47,345,926,0.6328,0.8099,0.1712,0.1766,3.32812,0.0,0.0,4.042,-2.584,continuous_historical,False,shadow_only,
holdout_2026_h1,ICON_SEAMLESS,1,strict_hourly,1.0,1.0,value per source interval,sample,4224,95,456,33,62,423,3706,0.3474,0.9276,0.0637,0.0857,4.8,0.0,0.0,,,continuous_historical,False,shadow_only,
holdout_2026_h1,ICON_SEAMLESS,1,episode_pm1h,1.0,1.0,value per source interval,one_to_one_episode,4224,67,156,18,49,138,,0.2687,0.8846,0.0878,,2.32836,0.5,-0.278,3.867,-3.111,continuous_historical,False,shadow_only,
holdout_2026_h1,ICON_SEAMLESS,1,episode_pm2h,1.0,1.0,value per source interval,one_to_one_episode,4224,67,156,30,37,126,,0.4478,0.8077,0.1554,,2.32836,1.133,0.2,4.18,-3.66,continuous_historical,False,shadow_only,
holdout_2026_h1,ICON_SEAMLESS,1,cadence_aware_episode,1.0,1.0,value per source interval,one_to_one_episode,4224,67,156,18,49,138,,0.2687,0.8846,0.0878,,2.32836,0.5,-0.278,3.867,-3.111,continuous_historical,False,shadow_only,1
holdout_2026_h1,ICON_SEAMLESS,1,complete_3h_same_numeric,1.0,1.0,value/3h,complete_3h_sum,1399,91,308,52,39,256,1052,0.5714,0.8312,0.1499,0.1781,3.38462,0.0,0.0,5.177,-3.909,continuous_historical,False,shadow_only,
holdout_2026_h1,ICON_SEAMLESS,1,complete_3h_rate_equivalent,1.0,3.0,value/3h,complete_3h_sum,1399,48,137,12,36,125,1226,0.25,0.9124,0.0694,0.0831,2.85417,0.0,0.0,8.09,-7.744,continuous_historical,False,shadow_only,
holdout_2026_h1,ICON_SEAMLESS,1,strict_hourly,1.5,1.5,value per source interval,sample,4224,79,246,16,63,230,3915,0.2025,0.935,0.0518,0.0722,3.11392,0.0,0.0,,,continuous_historical,False,shadow_only,
holdout_2026_h1,ICON_SEAMLESS,1,episode_pm1h,1.5,1.5,value per source interval,one_to_one_episode,4224,56,100,8,48,92,,0.1429,0.92,0.0541,,1.78571,0.5,-0.25,5.237,-4.362,continuous_historical,False,shadow_only,
holdout_2026_h1,ICON_SEAMLESS,1,episode_pm2h,1.5,1.5,value per source interval,one_to_one_episode,4224,56,100,16,40,84,,0.2857,0.84,0.1143,,1.78571,1.25,-0.125,3.5,-2.95,continuous_historical,False,shadow_only,
holdout_2026_h1,ICON_SEAMLESS,1,cadence_aware_episode,1.5,1.5,value per source interval,one_to_one_episode,4224,56,100,8,48,92,,0.1429,0.92,0.0541,,1.78571,0.5,-0.25,5.237,-4.362,continuous_historical,False,shadow_only,1
holdout_2026_h1,ICON_SEAMLESS,1,complete_3h_same_numeric,1.5,1.5,value/3h,complete_3h_sum,1399,77,259,40,37,219,1103,0.5195,0.8456,0.1351,0.1675,3.36364,0.0,0.0,5.825,-4.723,continuous_historical,False,shadow_only,
holdout_2026_h1,ICON_SEAMLESS,1,complete_3h_rate_equivalent,1.5,4.5,value/3h,complete_3h_sum,1399,32,69,7,25,62,1305,0.2188,0.8986,0.0745,0.1108,2.15625,0.0,0.0,10.637,-10.525,continuous_historical,False,shadow_only,
holdout_2026_h1,ICON_SEAMLESS,1,strict_hourly,5.0,5.0,value per source interval,sample,4224,30,2,0,30,2,4192,0.0,1.0,0.0,-0.0009,0.06667,,,,,continuous_historical,False,shadow_only,
holdout_2026_h1,ICON_SEAMLESS,1,episode_pm1h,5.0,5.0,value per source interval,one_to_one_episode,4224,26,1,0,26,1,,0.0,1.0,0.0,,0.03846,,,,,continuous_historical,False,shadow_only,
holdout_2026_h1,ICON_SEAMLESS,1,episode_pm2h,5.0,5.0,value per source interval,one_to_one_episode,4224,26,1,0,26,1,,0.0,1.0,0.0,,0.03846,,,,,continuous_historical,False,shadow_only,
holdout_2026_h1,ICON_SEAMLESS,1,cadence_aware_episode,5.0,5.0,value per source interval,one_to_one_episode,4224,26,1,0,26,1,,0.0,1.0,0.0,,0.03846,,,,,continuous_historical,False,shadow_only,1
holdout_2026_h1,ICON_SEAMLESS,1,complete_3h_same_numeric,5.0,5.0,value/3h,complete_3h_sum,1399,30,54,7,23,47,1322,0.2333,0.8704,0.0909,0.143,1.8,0.0,0.0,11.21,-11.09,continuous_historical,False,shadow_only,
holdout_2026_h1,ICON_SEAMLESS,1,complete_3h_rate_equivalent,5.0,15.0,value/3h,complete_3h_sum,1399,8,0,0,8,0,1391,0.0,,0.0,0.0,0.0,,,23.5,-23.5,continuous_historical,False,shadow_only,
holdout_2026_h1,ICON_SEAMLESS,1,strict_hourly,10.0,10.0,value per source interval,sample,4224,15,0,0,15,0,4209,0.0,,0.0,0.0,0.0,,,,,continuous_historical,False,shadow_only,
holdout_2026_h1,ICON_SEAMLESS,1,episode_pm1h,10.0,10.0,value per source interval,one_to_one_episode,4224,14,0,0,14,0,,0.0,,0.0,,0.0,,,,,continuous_historical,False,shadow_only,
holdout_2026_h1,ICON_SEAMLESS,1,episode_pm2h,10.0,10.0,value per source interval,one_to_one_episode,4224,14,0,0,14,0,,0.0,,0.0,,0.0,,,,,continuous_historical,False,shadow_only,
holdout_2026_h1,ICON_SEAMLESS,1,cadence_aware_episode,10.0,10.0,value per source interval,one_to_one_episode,4224,14,0,0,14,0,,0.0,,0.0,,0.0,,,,,continuous_historical,False,shadow_only,1
holdout_2026_h1,ICON_SEAMLESS,1,complete_3h_same_numeric,10.0,10.0,value/3h,complete_3h_sum,1399,17,1,0,17,1,1381,0.0,1.0,0.0,-0.0014,0.05882,,,16.453,-16.453,continuous_historical,False,shadow_only,
holdout_2026_h1,ICON_SEAMLESS,1,complete_3h_rate_equivalent,10.0,30.0,value/3h,complete_3h_sum,1399,3,0,0,3,0,1396,0.0,,0.0,0.0,0.0,,,34.6,-34.6,continuous_historical,False,shadow_only,
holdout_2026_h1,ICON_SEAMLESS,1,strict_hourly,20.0,20.0,value per source interval,sample,4224,3,0,0,3,0,4221,0.0,,0.0,0.0,0.0,,,,,continuous_historical,False,shadow_only,
holdout_2026_h1,ICON_SEAMLESS,1,episode_pm1h,20.0,20.0,value per source interval,one_to_one_episode,4224,3,0,0,3,0,,0.0,,0.0,,0.0,,,,,continuous_historical,False,shadow_only,
holdout_2026_h1,ICON_SEAMLESS,1,episode_pm2h,20.0,20.0,value per source interval,one_to_one_episode,4224,3,0,0,3,0,,0.0,,0.0,,0.0,,,,,continuous_historical,False,shadow_only,
holdout_2026_h1,ICON_SEAMLESS,1,cadence_aware_episode,20.0,20.0,value per source interval,one_to_one_episode,4224,3,0,0,3,0,,0.0,,0.0,,0.0,,,,,continuous_historical,False,shadow_only,1
holdout_2026_h1,ICON_SEAMLESS,1,complete_3h_same_numeric,20.0,20.0,value/3h,complete_3h_sum,1399,4,0,0,4,0,1395,0.0,,0.0,0.0,0.0,,,32.6,-32.6,continuous_historical,False,shadow_only,
holdout_2026_h1,ICON_SEAMLESS,1,complete_3h_rate_equivalent,20.0,60.0,value/3h,complete_3h_sum,1399,0,0,0,0,0,1399,,,,,,,,,,continuous_historical,False,shadow_only,
holdout_2026_h1,GEM_GLOBAL,3,strict_hourly,0.1,0.1,value per source interval,sample,4224,348,979,163,185,816,3060,0.4684,0.8335,0.14,0.1413,2.81322,0.0,0.0,,,continuous_historical,False,shadow_only,
holdout_2026_h1,GEM_GLOBAL,3,episode_pm1h,0.1,0.1,value per source interval,one_to_one_episode,4224,173,153,36,137,117,,0.2081,0.7647,0.1241,,0.88439,0.583,-0.139,2.228,-0.344,continuous_historical,False,shadow_only,
holdout_2026_h1,GEM_GLOBAL,3,episode_pm2h,0.1,0.1,value per source interval,one_to_one_episode,4224,173,153,46,127,107,,0.2659,0.6993,0.1643,,0.88439,0.891,-0.283,2.687,-0.235,continuous_historical,False,shadow_only,
holdout_2026_h1,GEM_GLOBAL,3,cadence_aware_episode,0.1,0.1,value per source interval,one_to_one_episode,4224,173,153,46,127,107,,0.2659,0.6993,0.1643,,0.88439,0.891,-0.283,2.687,-0.235,continuous_historical,False,shadow_only,2
holdout_2026_h1,GEM_GLOBAL,3,complete_3h_same_numeric,0.1,0.1,value/3h,complete_3h_sum,1399,222,351,101,121,250,927,0.455,0.7123,0.214,0.1963,1.58108,0.0,0.0,3.048,-0.945,continuous_historical,False,shadow_only,
holdout_2026_h1,GEM_GLOBAL,3,complete_3h_rate_equivalent,0.1,0.30000000000000004,value/3h,complete_3h_sum,1399,128,328,65,63,263,1008,0.5078,0.8018,0.1662,0.1767,2.5625,0.0,0.0,4.659,-2.134,continuous_historical,False,shadow_only,
holdout_2026_h1,GEM_GLOBAL,3,strict_hourly,1.0,1.0,value per source interval,sample,4224,95,246,30,65,216,3913,0.3158,0.878,0.0965,0.1483,2.58947,0.0,0.0,,,continuous_historical,False,shadow_only,
holdout_2026_h1,GEM_GLOBAL,3,episode_pm1h,1.0,1.0,value per source interval,one_to_one_episode,4224,67,64,12,55,52,,0.1791,0.8125,0.1008,,0.95522,0.5,-0.333,4.075,-1.192,continuous_historical,False,shadow_only,
holdout_2026_h1,GEM_GLOBAL,3,episode_pm2h,1.0,1.0,value per source interval,one_to_one_episode,4224,67,64,17,50,47,,0.2537,0.7344,0.1491,,0.95522,0.941,-0.353,5.024,-0.647,continuous_historical,False,shadow_only,
holdout_2026_h1,GEM_GLOBAL,3,cadence_aware_episode,1.0,1.0,value per source interval,one_to_one_episode,4224,67,64,17,50,47,,0.2537,0.7344,0.1491,,0.95522,0.941,-0.353,5.024,-0.647,continuous_historical,False,shadow_only,2
holdout_2026_h1,GEM_GLOBAL,3,complete_3h_same_numeric,1.0,1.0,value/3h,complete_3h_sum,1399,91,187,39,52,148,1160,0.4286,0.7914,0.1632,0.2116,2.05495,0.0,0.0,5.751,-3.482,continuous_historical,False,shadow_only,
holdout_2026_h1,GEM_GLOBAL,3,complete_3h_rate_equivalent,1.0,3.0,value/3h,complete_3h_sum,1399,48,79,15,33,64,1287,0.3125,0.8101,0.1339,0.2022,1.64583,0.0,0.0,8.638,-6.858,continuous_historical,False,shadow_only,
holdout_2026_h1,GEM_GLOBAL,3,strict_hourly,1.5,1.5,value per source interval,sample,4224,79,162,21,58,141,4004,0.2658,0.8704,0.0955,0.153,2.05063,0.0,0.0,,,continuous_historical,False,shadow_only,
holdout_2026_h1,GEM_GLOBAL,3,episode_pm1h,1.5,1.5,value per source interval,one_to_one_episode,4224,56,44,10,46,34,,0.1786,0.7727,0.1111,,0.78571,0.5,-0.3,4.3,-0.88,continuous_historical,False,shadow_only,
holdout_2026_h1,GEM_GLOBAL,3,episode_pm2h,1.5,1.5,value per source interval,one_to_one_episode,4224,56,44,15,41,29,,0.2679,0.6591,0.1765,,0.78571,1.0,-0.333,4.053,-1.613,continuous_historical,False,shadow_only,
holdout_2026_h1,GEM_GLOBAL,3,cadence_aware_episode,1.5,1.5,value per source interval,one_to_one_episode,4224,56,44,15,41,29,,0.2679,0.6591,0.1765,,0.78571,1.0,-0.333,4.053,-1.613,continuous_historical,False,shadow_only,2
holdout_2026_h1,GEM_GLOBAL,3,complete_3h_same_numeric,1.5,1.5,value/3h,complete_3h_sum,1399,77,154,33,44,121,1201,0.4286,0.7857,0.1667,0.2291,2.0,0.0,0.0,6.581,-4.001,continuous_historical,False,shadow_only,
holdout_2026_h1,GEM_GLOBAL,3,complete_3h_rate_equivalent,1.5,4.5,value/3h,complete_3h_sum,1399,32,53,8,24,45,1322,0.25,0.8491,0.1039,0.1644,1.65625,0.0,0.0,11.284,-10.184,continuous_historical,False,shadow_only,
holdout_2026_h1,GEM_GLOBAL,3,strict_hourly,5.0,5.0,value per source interval,sample,4224,30,40,0,30,40,4154,0.0,1.0,0.0,-0.0082,1.33333,,,,,continuous_historical,False,shadow_only,
holdout_2026_h1,GEM_GLOBAL,3,episode_pm1h,5.0,5.0,value per source interval,one_to_one_episode,4224,26,14,1,25,13,,0.0385,0.9286,0.0256,,0.53846,1.0,-1.0,7.0,-7.0,continuous_historical,False,shadow_only,
holdout_2026_h1,GEM_GLOBAL,3,episode_pm2h,5.0,5.0,value per source interval,one_to_one_episode,4224,26,14,1,25,13,,0.0385,0.9286,0.0256,,0.53846,1.0,-1.0,7.0,-7.0,continuous_historical,False,shadow_only,
holdout_2026_h1,GEM_GLOBAL,3,cadence_aware_episode,5.0,5.0,value per source interval,one_to_one_episode,4224,26,14,1,25,13,,0.0385,0.9286,0.0256,,0.53846,1.0,-1.0,7.0,-7.0,continuous_historical,False,shadow_only,2
holdout_2026_h1,GEM_GLOBAL,3,complete_3h_same_numeric,5.0,5.0,value/3h,complete_3h_sum,1399,30,48,7,23,41,1328,0.2333,0.8542,0.0986,0.1572,1.6,0.0,0.0,11.847,-10.673,continuous_historical,False,shadow_only,
holdout_2026_h1,GEM_GLOBAL,3,complete_3h_rate_equivalent,5.0,15.0,value/3h,complete_3h_sum,1399,8,11,0,8,11,1380,0.0,1.0,0.0,-0.0067,1.375,,,21.55,-21.55,continuous_historical,False,shadow_only,
holdout_2026_h1,GEM_GLOBAL,3,strict_hourly,10.0,10.0,value per source interval,sample,4224,15,9,0,15,9,4200,0.0,1.0,0.0,-0.0027,0.6,,,,,continuous_historical,False,shadow_only,
holdout_2026_h1,GEM_GLOBAL,3,episode_pm1h,10.0,10.0,value per source interval,one_to_one_episode,4224,14,3,0,14,3,,0.0,1.0,0.0,,0.21429,,,,,continuous_historical,False,shadow_only,
holdout_2026_h1,GEM_GLOBAL,3,episode_pm2h,10.0,10.0,value per source interval,one_to_one_episode,4224,14,3,0,14,3,,0.0,1.0,0.0,,0.21429,,,,,continuous_historical,False,shadow_only,
holdout_2026_h1,GEM_GLOBAL,3,cadence_aware_episode,10.0,10.0,value per source interval,one_to_one_episode,4224,14,3,0,14,3,,0.0,1.0,0.0,,0.21429,,,,,continuous_historical,False,shadow_only,2
holdout_2026_h1,GEM_GLOBAL,3,complete_3h_same_numeric,10.0,10.0,value/3h,complete_3h_sum,1399,17,20,2,15,18,1364,0.1176,0.9,0.0571,0.0962,1.17647,0.0,0.0,16.259,-16.259,continuous_historical,False,shadow_only,
holdout_2026_h1,GEM_GLOBAL,3,complete_3h_rate_equivalent,10.0,30.0,value/3h,complete_3h_sum,1399,3,3,0,3,3,1393,0.0,1.0,0.0,-0.0021,1.0,,,35.433,-35.433,continuous_historical,False,shadow_only,
holdout_2026_h1,GEM_GLOBAL,3,strict_hourly,20.0,20.0,value per source interval,sample,4224,3,3,0,3,3,4218,0.0,1.0,0.0,-0.0007,1.0,,,,,continuous_historical,False,shadow_only,
holdout_2026_h1,GEM_GLOBAL,3,episode_pm1h,20.0,20.0,value per source interval,one_to_one_episode,4224,3,1,0,3,1,,0.0,1.0,0.0,,0.33333,,,,,continuous_historical,False,shadow_only,
holdout_2026_h1,GEM_GLOBAL,3,episode_pm2h,20.0,20.0,value per source interval,one_to_one_episode,4224,3,1,0,3,1,,0.0,1.0,0.0,,0.33333,,,,,continuous_historical,False,shadow_only,
holdout_2026_h1,GEM_GLOBAL,3,cadence_aware_episode,20.0,20.0,value per source interval,one_to_one_episode,4224,3,1,0,3,1,,0.0,1.0,0.0,,0.33333,,,,,continuous_historical,False,shadow_only,2
holdout_2026_h1,GEM_GLOBAL,3,complete_3h_same_numeric,20.0,20.0,value/3h,complete_3h_sum,1399,4,7,0,4,7,1388,0.0,1.0,0.0,-0.0037,1.75,,,30.775,-30.775,continuous_historical,False,shadow_only,
holdout_2026_h1,GEM_GLOBAL,3,complete_3h_rate_equivalent,20.0,60.0,value/3h,complete_3h_sum,1399,0,1,0,0,1,1398,,1.0,0.0,0.0,,,,,,continuous_historical,False,shadow_only,
holdout_2026_h1,CMA_GRAPES_GLOBAL,3,strict_hourly,0.1,0.1,value per source interval,sample,4224,348,1198,150,198,1048,2828,0.431,0.8748,0.1074,0.0761,3.44253,0.0,0.0,,,continuous_historical,False,shadow_only,
holdout_2026_h1,CMA_GRAPES_GLOBAL,3,episode_pm1h,0.1,0.1,value per source interval,one_to_one_episode,4224,173,178,40,133,138,,0.2312,0.7753,0.1286,,1.0289,0.575,0.075,3.247,-1.103,continuous_historical,False,shadow_only,
holdout_2026_h1,CMA_GRAPES_GLOBAL,3,episode_pm2h,0.1,0.1,value per source interval,one_to_one_episode,4224,173,178,48,125,130,,0.2775,0.7303,0.1584,,1.0289,0.812,-0.188,2.879,-0.821,continuous_historical,False,shadow_only,
holdout_2026_h1,CMA_GRAPES_GLOBAL,3,cadence_aware_episode,0.1,0.1,value per source interval,one_to_one_episode,4224,173,178,48,125,130,,0.2775,0.7303,0.1584,,1.0289,0.812,-0.188,2.879,-0.821,continuous_historical,False,shadow_only,2
holdout_2026_h1,CMA_GRAPES_GLOBAL,3,complete_3h_same_numeric,0.1,0.1,value/3h,complete_3h_sum,1399,222,397,91,131,306,871,0.4099,0.7708,0.1723,0.1136,1.78829,0.0,0.0,3.131,-0.958,continuous_historical,False,shadow_only,
holdout_2026_h1,CMA_GRAPES_GLOBAL,3,complete_3h_rate_equivalent,0.1,0.30000000000000004,value/3h,complete_3h_sum,1399,128,397,63,65,334,937,0.4922,0.8413,0.1364,0.1179,3.10156,0.0,0.0,4.611,-2.337,continuous_historical,False,shadow_only,
holdout_2026_h1,CMA_GRAPES_GLOBAL,3,strict_hourly,1.0,1.0,value per source interval,sample,4224,95,570,32,63,538,3591,0.3368,0.9439,0.0506,0.06,6.0,0.0,0.0,,,continuous_historical,False,shadow_only,
holdout_2026_h1,CMA_GRAPES_GLOBAL,3,episode_pm1h,1.0,1.0,value per source interval,one_to_one_episode,4224,67,114,8,59,106,,0.1194,0.9298,0.0462,,1.70149,0.625,-0.125,5.975,-5.475,continuous_historical,False,shadow_only,
holdout_2026_h1,CMA_GRAPES_GLOBAL,3,episode_pm2h,1.0,1.0,value per source interval,one_to_one_episode,4224,67,114,11,56,103,,0.1642,0.9035,0.0647,,1.70149,1.0,-0.636,4.745,-4.382,continuous_historical,False,shadow_only,
holdout_2026_h1,CMA_GRAPES_GLOBAL,3,cadence_aware_episode,1.0,1.0,value per source interval,one_to_one_episode,4224,67,114,11,56,103,,0.1642,0.9035,0.0647,,1.70149,1.0,-0.636,4.745,-4.382,continuous_historical,False,shadow_only,2
holdout_2026_h1,CMA_GRAPES_GLOBAL,3,complete_3h_same_numeric,1.0,1.0,value/3h,complete_3h_sum,1399,91,304,42,49,262,1046,0.4615,0.8618,0.119,0.1251,3.34066,0.0,0.0,5.57,-3.913,continuous_historical,False,shadow_only,
holdout_2026_h1,CMA_GRAPES_GLOBAL,3,complete_3h_rate_equivalent,1.0,3.0,value/3h,complete_3h_sum,1399,48,188,14,34,174,1177,0.2917,0.9255,0.0631,0.0677,3.91667,0.0,0.0,8.344,-7.885,continuous_historical,False,shadow_only,
holdout_2026_h1,CMA_GRAPES_GLOBAL,3,strict_hourly,1.5,1.5,value per source interval,sample,4224,79,370,20,59,350,3795,0.2532,0.9459,0.0466,0.0601,4.68354,0.0,0.0,,,continuous_historical,False,shadow_only,
holdout_2026_h1,CMA_GRAPES_GLOBAL,3,episode_pm1h,1.5,1.5,value per source interval,one_to_one_episode,4224,56,82,8,48,74,,0.1429,0.9024,0.0615,,1.46429,0.625,-0.125,5.975,-5.475,continuous_historical,False,shadow_only,
holdout_2026_h1,CMA_GRAPES_GLOBAL,3,episode_pm2h,1.5,1.5,value per source interval,one_to_one_episode,4224,56,82,10,46,72,,0.1786,0.878,0.0781,,1.46429,0.9,-0.5,4.96,-4.56,continuous_historical,False,shadow_only,
holdout_2026_h1,CMA_GRAPES_GLOBAL,3,cadence_aware_episode,1.5,1.5,value per source interval,one_to_one_episode,4224,56,82,10,46,72,,0.1786,0.878,0.0781,,1.46429,0.9,-0.5,4.96,-4.56,continuous_historical,False,shadow_only,2
holdout_2026_h1,CMA_GRAPES_GLOBAL,3,complete_3h_same_numeric,1.5,1.5,value/3h,complete_3h_sum,1399,77,276,32,45,244,1078,0.4156,0.8841,0.0997,0.1042,3.58442,0.0,0.0,6.149,-4.783,continuous_historical,False,shadow_only,
holdout_2026_h1,CMA_GRAPES_GLOBAL,3,complete_3h_rate_equivalent,1.5,4.5,value/3h,complete_3h_sum,1399,32,122,8,24,114,1253,0.25,0.9344,0.0548,0.0702,3.8125,0.0,0.0,11.122,-11.066,continuous_historical,False,shadow_only,
holdout_2026_h1,CMA_GRAPES_GLOBAL,3,strict_hourly,5.0,5.0,value per source interval,sample,4224,30,12,0,30,12,4182,0.0,1.0,0.0,-0.0041,0.4,,,,,continuous_historical,False,shadow_only,
holdout_2026_h1,CMA_GRAPES_GLOBAL,3,episode_pm1h,5.0,5.0,value per source interval,one_to_one_episode,4224,26,3,0,26,3,,0.0,1.0,0.0,,0.11538,,,,,continuous_historical,False,shadow_only,
holdout_2026_h1,CMA_GRAPES_GLOBAL,3,episode_pm2h,5.0,5.0,value per source interval,one_to_one_episode,4224,26,3,0,26,3,,0.0,1.0,0.0,,0.11538,,,,,continuous_historical,False,shadow_only,
holdout_2026_h1,CMA_GRAPES_GLOBAL,3,cadence_aware_episode,5.0,5.0,value per source interval,one_to_one_episode,4224,26,3,0,26,3,,0.0,1.0,0.0,,0.11538,,,,,continuous_historical,False,shadow_only,2
holdout_2026_h1,CMA_GRAPES_GLOBAL,3,complete_3h_same_numeric,5.0,5.0,value/3h,complete_3h_sum,1399,30,98,5,25,93,1276,0.1667,0.949,0.0407,0.0468,3.26667,0.0,0.0,11.693,-11.673,continuous_historical,False,shadow_only,
holdout_2026_h1,CMA_GRAPES_GLOBAL,3,complete_3h_rate_equivalent,5.0,15.0,value/3h,complete_3h_sum,1399,8,4,0,8,4,1387,0.0,1.0,0.0,-0.0038,0.5,,,25.0,-25.0,continuous_historical,False,shadow_only,
holdout_2026_h1,CMA_GRAPES_GLOBAL,3,strict_hourly,10.0,10.0,value per source interval,sample,4224,15,0,0,15,0,4209,0.0,,0.0,0.0,0.0,,,,,continuous_historical,False,shadow_only,
holdout_2026_h1,CMA_GRAPES_GLOBAL,3,episode_pm1h,10.0,10.0,value per source interval,one_to_one_episode,4224,14,0,0,14,0,,0.0,,0.0,,0.0,,,,,continuous_historical,False,shadow_only,
holdout_2026_h1,CMA_GRAPES_GLOBAL,3,episode_pm2h,10.0,10.0,value per source interval,one_to_one_episode,4224,14,0,0,14,0,,0.0,,0.0,,0.0,,,,,continuous_historical,False,shadow_only,
holdout_2026_h1,CMA_GRAPES_GLOBAL,3,cadence_aware_episode,10.0,10.0,value per source interval,one_to_one_episode,4224,14,0,0,14,0,,0.0,,0.0,,0.0,,,,,continuous_historical,False,shadow_only,2
holdout_2026_h1,CMA_GRAPES_GLOBAL,3,complete_3h_same_numeric,10.0,10.0,value/3h,complete_3h_sum,1399,17,20,1,16,19,1363,0.0588,0.95,0.0278,0.0415,1.17647,0.0,0.0,17.112,-17.076,continuous_historical,False,shadow_only,
holdout_2026_h1,CMA_GRAPES_GLOBAL,3,complete_3h_rate_equivalent,10.0,30.0,value/3h,complete_3h_sum,1399,3,0,0,3,0,1396,0.0,,0.0,0.0,0.0,,,38.533,-38.533,continuous_historical,False,shadow_only,
holdout_2026_h1,CMA_GRAPES_GLOBAL,3,strict_hourly,20.0,20.0,value per source interval,sample,4224,3,0,0,3,0,4221,0.0,,0.0,0.0,0.0,,,,,continuous_historical,False,shadow_only,
holdout_2026_h1,CMA_GRAPES_GLOBAL,3,episode_pm1h,20.0,20.0,value per source interval,one_to_one_episode,4224,3,0,0,3,0,,0.0,,0.0,,0.0,,,,,continuous_historical,False,shadow_only,
holdout_2026_h1,CMA_GRAPES_GLOBAL,3,episode_pm2h,20.0,20.0,value per source interval,one_to_one_episode,4224,3,0,0,3,0,,0.0,,0.0,,0.0,,,,,continuous_historical,False,shadow_only,
holdout_2026_h1,CMA_GRAPES_GLOBAL,3,cadence_aware_episode,20.0,20.0,value per source interval,one_to_one_episode,4224,3,0,0,3,0,,0.0,,0.0,,0.0,,,,,continuous_historical,False,shadow_only,2
holdout_2026_h1,CMA_GRAPES_GLOBAL,3,complete_3h_same_numeric,20.0,20.0,value/3h,complete_3h_sum,1399,4,2,0,4,2,1393,0.0,1.0,0.0,-0.0019,0.5,,,34.15,-34.15,continuous_historical,False,shadow_only,
holdout_2026_h1,CMA_GRAPES_GLOBAL,3,complete_3h_rate_equivalent,20.0,60.0,value/3h,complete_3h_sum,1399,0,0,0,0,0,1399,,,,,,,,,,continuous_historical,False,shadow_only,
holdout_2026_h1,JMA_GSM,6,strict_hourly,0.1,0.1,value per source interval,sample,4224,348,1903,214,134,1689,2187,0.6149,0.8875,0.1051,0.0591,5.46839,0.0,0.0,,,continuous_historical,False,shadow_only,
holdout_2026_h1,JMA_GSM,6,episode_pm1h,0.1,0.1,value per source interval,one_to_one_episode,4224,173,101,24,149,77,,0.1387,0.7624,0.096,,0.58382,0.5,0.0,4.871,-4.313,continuous_historical,False,shadow_only,
holdout_2026_h1,JMA_GSM,6,episode_pm2h,0.1,0.1,value per source interval,one_to_one_episode,4224,173,101,32,141,69,,0.185,0.6832,0.1322,,0.58382,0.875,-0.25,4.281,-3.75,continuous_historical,False,shadow_only,
holdout_2026_h1,JMA_GSM,6,cadence_aware_episode,0.1,0.1,value per source interval,one_to_one_episode,4224,173,101,32,141,69,,0.185,0.6832,0.1322,,0.58382,0.875,-0.25,4.281,-3.75,continuous_historical,False,shadow_only,2
holdout_2026_h1,JMA_GSM,6,complete_3h_same_numeric,0.1,0.1,value/3h,complete_3h_sum,1399,222,630,132,90,498,679,0.5946,0.7905,0.1833,0.0982,2.83784,0.0,0.0,2.573,-1.539,continuous_historical,False,shadow_only,
holdout_2026_h1,JMA_GSM,6,complete_3h_rate_equivalent,0.1,0.30000000000000004,value/3h,complete_3h_sum,1399,128,628,85,43,543,728,0.6641,0.8646,0.1267,0.0859,4.90625,0.0,0.0,3.732,-3.305,continuous_historical,False,shadow_only,
holdout_2026_h1,JMA_GSM,6,strict_hourly,1.0,1.0,value per source interval,sample,4224,95,243,17,78,226,3903,0.1789,0.93,0.053,0.0705,2.55789,0.0,0.0,,,continuous_historical,False,shadow_only,
holdout_2026_h1,JMA_GSM,6,episode_pm1h,1.0,1.0,value per source interval,one_to_one_episode,4224,67,32,6,61,26,,0.0896,0.8125,0.0645,,0.47761,0.5,-0.167,7.783,-7.717,continuous_historical,False,shadow_only,
holdout_2026_h1,JMA_GSM,6,episode_pm2h,1.0,1.0,value per source interval,one_to_one_episode,4224,67,32,6,61,26,,0.0896,0.8125,0.0645,,0.47761,0.5,-0.167,7.783,-7.717,continuous_historical,False,shadow_only,
holdout_2026_h1,JMA_GSM,6,cadence_aware_episode,1.0,1.0,value per source interval,one_to_one_episode,4224,67,32,6,61,26,,0.0896,0.8125,0.0645,,0.47761,0.5,-0.167,7.783,-7.717,continuous_historical,False,shadow_only,2
holdout_2026_h1,JMA_GSM,6,complete_3h_same_numeric,1.0,1.0,value/3h,complete_3h_sum,1399,91,312,49,42,263,1045,0.5385,0.8429,0.1384,0.1584,3.42857,0.0,0.0,4.971,-4.655,continuous_historical,False,shadow_only,
holdout_2026_h1,JMA_GSM,6,complete_3h_rate_equivalent,1.0,3.0,value/3h,complete_3h_sum,1399,48,81,7,41,74,1277,0.1458,0.9136,0.0574,0.0684,1.6875,0.0,0.0,8.248,-8.248,continuous_historical,False,shadow_only,
holdout_2026_h1,JMA_GSM,6,strict_hourly,1.5,1.5,value per source interval,sample,4224,79,93,6,73,87,4058,0.0759,0.9355,0.0361,0.0506,1.17722,0.0,0.0,,,continuous_historical,False,shadow_only,
holdout_2026_h1,JMA_GSM,6,episode_pm1h,1.5,1.5,value per source interval,one_to_one_episode,4224,56,15,4,52,11,,0.0714,0.7333,0.0597,,0.26786,0.25,-0.25,11.55,-11.55,continuous_historical,False,shadow_only,
holdout_2026_h1,JMA_GSM,6,episode_pm2h,1.5,1.5,value per source interval,one_to_one_episode,4224,56,15,4,52,11,,0.0714,0.7333,0.0597,,0.26786,0.25,-0.25,11.55,-11.55,continuous_historical,False,shadow_only,
holdout_2026_h1,JMA_GSM,6,cadence_aware_episode,1.5,1.5,value per source interval,one_to_one_episode,4224,56,15,4,52,11,,0.0714,0.7333,0.0597,,0.26786,0.25,-0.25,11.55,-11.55,continuous_historical,False,shadow_only,2
holdout_2026_h1,JMA_GSM,6,complete_3h_same_numeric,1.5,1.5,value/3h,complete_3h_sum,1399,77,262,39,38,223,1099,0.5065,0.8511,0.13,0.1585,3.4026,0.0,0.0,5.677,-5.438,continuous_historical,False,shadow_only,
holdout_2026_h1,JMA_GSM,6,complete_3h_rate_equivalent,1.5,4.5,value/3h,complete_3h_sum,1399,32,31,4,28,27,1340,0.125,0.871,0.0678,0.1069,0.96875,0.0,0.0,11.122,-11.122,continuous_historical,False,shadow_only,
holdout_2026_h1,JMA_GSM,6,strict_hourly,5.0,5.0,value per source interval,sample,4224,30,0,0,30,0,4194,0.0,,0.0,0.0,0.0,,,,,continuous_historical,False,shadow_only,
holdout_2026_h1,JMA_GSM,6,episode_pm1h,5.0,5.0,value per source interval,one_to_one_episode,4224,26,0,0,26,0,,0.0,,0.0,,0.0,,,,,continuous_historical,False,shadow_only,
holdout_2026_h1,JMA_GSM,6,episode_pm2h,5.0,5.0,value per source interval,one_to_one_episode,4224,26,0,0,26,0,,0.0,,0.0,,0.0,,,,,continuous_historical,False,shadow_only,
holdout_2026_h1,JMA_GSM,6,cadence_aware_episode,5.0,5.0,value per source interval,one_to_one_episode,4224,26,0,0,26,0,,0.0,,0.0,,0.0,,,,,continuous_historical,False,shadow_only,2
holdout_2026_h1,JMA_GSM,6,complete_3h_same_numeric,5.0,5.0,value/3h,complete_3h_sum,1399,30,19,3,27,16,1353,0.1,0.8421,0.0652,0.1076,0.63333,0.0,0.0,11.733,-11.733,continuous_historical,False,shadow_only,
holdout_2026_h1,JMA_GSM,6,complete_3h_rate_equivalent,5.0,15.0,value/3h,complete_3h_sum,1399,8,0,0,8,0,1391,0.0,,0.0,0.0,0.0,,,23.95,-23.95,continuous_historical,False,shadow_only,
holdout_2026_h1,JMA_GSM,6,strict_hourly,10.0,10.0,value per source interval,sample,4224,15,0,0,15,0,4209,0.0,,0.0,0.0,0.0,,,,,continuous_historical,False,shadow_only,
holdout_2026_h1,JMA_GSM,6,episode_pm1h,10.0,10.0,value per source interval,one_to_one_episode,4224,14,0,0,14,0,,0.0,,0.0,,0.0,,,,,continuous_historical,False,shadow_only,
holdout_2026_h1,JMA_GSM,6,episode_pm2h,10.0,10.0,value per source interval,one_to_one_episode,4224,14,0,0,14,0,,0.0,,0.0,,0.0,,,,,continuous_historical,False,shadow_only,
holdout_2026_h1,JMA_GSM,6,cadence_aware_episode,10.0,10.0,value per source interval,one_to_one_episode,4224,14,0,0,14,0,,0.0,,0.0,,0.0,,,,,continuous_historical,False,shadow_only,2
holdout_2026_h1,JMA_GSM,6,complete_3h_same_numeric,10.0,10.0,value/3h,complete_3h_sum,1399,17,0,0,17,0,1382,0.0,,0.0,0.0,0.0,,,16.812,-16.812,continuous_historical,False,shadow_only,
holdout_2026_h1,JMA_GSM,6,complete_3h_rate_equivalent,10.0,30.0,value/3h,complete_3h_sum,1399,3,0,0,3,0,1396,0.0,,0.0,0.0,0.0,,,37.033,-37.033,continuous_historical,False,shadow_only,
holdout_2026_h1,JMA_GSM,6,strict_hourly,20.0,20.0,value per source interval,sample,4224,3,0,0,3,0,4221,0.0,,0.0,0.0,0.0,,,,,continuous_historical,False,shadow_only,
holdout_2026_h1,JMA_GSM,6,episode_pm1h,20.0,20.0,value per source interval,one_to_one_episode,4224,3,0,0,3,0,,0.0,,0.0,,0.0,,,,,continuous_historical,False,shadow_only,
holdout_2026_h1,JMA_GSM,6,episode_pm2h,20.0,20.0,value per source interval,one_to_one_episode,4224,3,0,0,3,0,,0.0,,0.0,,0.0,,,,,continuous_historical,False,shadow_only,
holdout_2026_h1,JMA_GSM,6,cadence_aware_episode,20.0,20.0,value per source interval,one_to_one_episode,4224,3,0,0,3,0,,0.0,,0.0,,0.0,,,,,continuous_historical,False,shadow_only,2
holdout_2026_h1,JMA_GSM,6,complete_3h_same_numeric,20.0,20.0,value/3h,complete_3h_sum,1399,4,0,0,4,0,1395,0.0,,0.0,0.0,0.0,,,33.475,-33.475,continuous_historical,False,shadow_only,
holdout_2026_h1,JMA_GSM,6,complete_3h_rate_equivalent,20.0,60.0,value/3h,complete_3h_sum,1399,0,0,0,0,0,1399,,,,,,,,,,continuous_historical,False,shadow_only,
holdout_2026_h1,METEOFRANCE_ARPEGE_WORLD,1,strict_hourly,0.1,0.1,value per source interval,sample,4219,348,1173,168,180,1005,2866,0.4828,0.8568,0.1242,0.1073,3.37069,0.0,0.0,,,continuous_historical,False,shadow_only,
holdout_2026_h1,METEOFRANCE_ARPEGE_WORLD,1,episode_pm1h,0.1,0.1,value per source interval,one_to_one_episode,4219,173,292,50,123,242,,0.289,0.8288,0.1205,,1.68786,0.66,0.14,3.074,-2.13,continuous_historical,False,shadow_only,
holdout_2026_h1,METEOFRANCE_ARPEGE_WORLD,1,episode_pm2h,0.1,0.1,value per source interval,one_to_one_episode,4219,173,292,78,95,214,,0.4509,0.7329,0.2016,,1.68786,1.154,0.103,3.026,-2.044,continuous_historical,False,shadow_only,
holdout_2026_h1,METEOFRANCE_ARPEGE_WORLD,1,cadence_aware_episode,0.1,0.1,value per source interval,one_to_one_episode,4219,173,292,50,123,242,,0.289,0.8288,0.1205,,1.68786,0.66,0.14,3.074,-2.13,continuous_historical,False,shadow_only,1
holdout_2026_h1,METEOFRANCE_ARPEGE_WORLD,1,complete_3h_same_numeric,0.1,0.1,value/3h,complete_3h_sum,1395,221,547,135,86,412,762,0.6109,0.7532,0.2133,0.1626,2.47511,0.0,0.0,2.717,-1.256,continuous_historical,False,shadow_only,
holdout_2026_h1,METEOFRANCE_ARPEGE_WORLD,1,complete_3h_rate_equivalent,0.1,0.30000000000000004,value/3h,complete_3h_sum,1395,128,418,78,50,340,927,0.6094,0.8134,0.1667,0.169,3.26562,0.0,0.0,4.06,-2.69,continuous_historical,False,shadow_only,
holdout_2026_h1,METEOFRANCE_ARPEGE_WORLD,1,strict_hourly,1.0,1.0,value per source interval,sample,4219,95,386,33,62,353,3771,0.3474,0.9145,0.0737,0.1049,4.06316,0.0,0.0,,,continuous_historical,False,shadow_only,
holdout_2026_h1,METEOFRANCE_ARPEGE_WORLD,1,episode_pm1h,1.0,1.0,value per source interval,one_to_one_episode,4219,67,140,22,45,118,,0.3284,0.8429,0.1189,,2.08955,0.636,0.0,5.055,-4.682,continuous_historical,False,shadow_only,
holdout_2026_h1,METEOFRANCE_ARPEGE_WORLD,1,episode_pm2h,1.0,1.0,value per source interval,one_to_one_episode,4219,67,140,29,38,111,,0.4328,0.7929,0.1629,,2.08955,0.966,-0.069,5.066,-4.748,continuous_historical,False,shadow_only,
holdout_2026_h1,METEOFRANCE_ARPEGE_WORLD,1,cadence_aware_episode,1.0,1.0,value per source interval,one_to_one_episode,4219,67,140,22,45,118,,0.3284,0.8429,0.1189,,2.08955,0.636,0.0,5.055,-4.682,continuous_historical,False,shadow_only,1
holdout_2026_h1,METEOFRANCE_ARPEGE_WORLD,1,complete_3h_same_numeric,1.0,1.0,value/3h,complete_3h_sum,1395,91,283,48,43,235,1069,0.5275,0.8304,0.1472,0.1753,3.10989,0.0,0.0,5.392,-3.812,continuous_historical,False,shadow_only,
holdout_2026_h1,METEOFRANCE_ARPEGE_WORLD,1,complete_3h_rate_equivalent,1.0,3.0,value/3h,complete_3h_sum,1395,48,117,10,38,107,1240,0.2083,0.9145,0.0645,0.0761,2.4375,0.0,0.0,8.179,-7.842,continuous_historical,False,shadow_only,
holdout_2026_h1,METEOFRANCE_ARPEGE_WORLD,1,strict_hourly,1.5,1.5,value per source interval,sample,4219,79,245,20,59,225,3915,0.2532,0.9184,0.0658,0.0979,3.10127,0.0,0.0,,,continuous_historical,False,shadow_only,
holdout_2026_h1,METEOFRANCE_ARPEGE_WORLD,1,episode_pm1h,1.5,1.5,value per source interval,one_to_one_episode,4219,56,93,13,43,80,,0.2321,0.8602,0.0956,,1.66071,0.692,0.077,7.0,-6.738,continuous_historical,False,shadow_only,
holdout_2026_h1,METEOFRANCE_ARPEGE_WORLD,1,episode_pm2h,1.5,1.5,value per source interval,one_to_one_episode,4219,56,93,19,37,74,,0.3393,0.7957,0.1462,,1.66071,1.105,-0.158,6.384,-6.174,continuous_historical,False,shadow_only,
holdout_2026_h1,METEOFRANCE_ARPEGE_WORLD,1,cadence_aware_episode,1.5,1.5,value per source interval,one_to_one_episode,4219,56,93,13,43,80,,0.2321,0.8602,0.0956,,1.66071,0.692,0.077,7.0,-6.738,continuous_historical,False,shadow_only,1
holdout_2026_h1,METEOFRANCE_ARPEGE_WORLD,1,complete_3h_same_numeric,1.5,1.5,value/3h,complete_3h_sum,1395,77,222,35,42,187,1131,0.4545,0.8423,0.1326,0.1657,2.88312,0.0,0.0,6.032,-4.71,continuous_historical,False,shadow_only,
holdout_2026_h1,METEOFRANCE_ARPEGE_WORLD,1,complete_3h_rate_equivalent,1.5,4.5,value/3h,complete_3h_sum,1395,32,67,7,25,60,1303,0.2188,0.8955,0.0761,0.1139,2.09375,0.0,0.0,10.941,-10.847,continuous_historical,False,shadow_only,
holdout_2026_h1,METEOFRANCE_ARPEGE_WORLD,1,strict_hourly,5.0,5.0,value per source interval,sample,4219,30,3,0,30,3,4186,0.0,1.0,0.0,-0.0013,0.1,,,,,continuous_historical,False,shadow_only,
holdout_2026_h1,METEOFRANCE_ARPEGE_WORLD,1,episode_pm1h,5.0,5.0,value per source interval,one_to_one_episode,4219,26,2,0,26,2,,0.0,1.0,0.0,,0.07692,,,,,continuous_historical,False,shadow_only,
holdout_2026_h1,METEOFRANCE_ARPEGE_WORLD,1,episode_pm2h,5.0,5.0,value per source interval,one_to_one_episode,4219,26,2,0,26,2,,0.0,1.0,0.0,,0.07692,,,,,continuous_historical,False,shadow_only,
holdout_2026_h1,METEOFRANCE_ARPEGE_WORLD,1,cadence_aware_episode,5.0,5.0,value per source interval,one_to_one_episode,4219,26,2,0,26,2,,0.0,1.0,0.0,,0.07692,,,,,continuous_historical,False,shadow_only,1
holdout_2026_h1,METEOFRANCE_ARPEGE_WORLD,1,complete_3h_same_numeric,5.0,5.0,value/3h,complete_3h_sum,1395,30,58,7,23,51,1314,0.2333,0.8793,0.0864,0.1346,1.93333,0.0,0.0,11.41,-11.31,continuous_historical,False,shadow_only,
holdout_2026_h1,METEOFRANCE_ARPEGE_WORLD,1,complete_3h_rate_equivalent,5.0,15.0,value/3h,complete_3h_sum,1395,8,0,0,8,0,1387,0.0,,0.0,0.0,0.0,,,23.462,-23.462,continuous_historical,False,shadow_only,
holdout_2026_h1,METEOFRANCE_ARPEGE_WORLD,1,strict_hourly,10.0,10.0,value per source interval,sample,4219,15,0,0,15,0,4204,0.0,,0.0,0.0,0.0,,,,,continuous_historical,False,shadow_only,
holdout_2026_h1,METEOFRANCE_ARPEGE_WORLD,1,episode_pm1h,10.0,10.0,value per source interval,one_to_one_episode,4219,14,0,0,14,0,,0.0,,0.0,,0.0,,,,,continuous_historical,False,shadow_only,
holdout_2026_h1,METEOFRANCE_ARPEGE_WORLD,1,episode_pm2h,10.0,10.0,value per source interval,one_to_one_episode,4219,14,0,0,14,0,,0.0,,0.0,,0.0,,,,,continuous_historical,False,shadow_only,
holdout_2026_h1,METEOFRANCE_ARPEGE_WORLD,1,cadence_aware_episode,10.0,10.0,value per source interval,one_to_one_episode,4219,14,0,0,14,0,,0.0,,0.0,,0.0,,,,,continuous_historical,False,shadow_only,1
holdout_2026_h1,METEOFRANCE_ARPEGE_WORLD,1,complete_3h_same_numeric,10.0,10.0,value/3h,complete_3h_sum,1395,17,8,1,16,7,1371,0.0588,0.875,0.0417,0.0728,0.47059,0.0,0.0,16.188,-16.188,continuous_historical,False,shadow_only,
holdout_2026_h1,METEOFRANCE_ARPEGE_WORLD,1,complete_3h_rate_equivalent,10.0,30.0,value/3h,complete_3h_sum,1395,3,0,0,3,0,1392,0.0,,0.0,0.0,0.0,,,34.767,-34.767,continuous_historical,False,shadow_only,
holdout_2026_h1,METEOFRANCE_ARPEGE_WORLD,1,strict_hourly,20.0,20.0,value per source interval,sample,4219,3,0,0,3,0,4216,0.0,,0.0,0.0,0.0,,,,,continuous_historical,False,shadow_only,
holdout_2026_h1,METEOFRANCE_ARPEGE_WORLD,1,episode_pm1h,20.0,20.0,value per source interval,one_to_one_episode,4219,3,0,0,3,0,,0.0,,0.0,,0.0,,,,,continuous_historical,False,shadow_only,
holdout_2026_h1,METEOFRANCE_ARPEGE_WORLD,1,episode_pm2h,20.0,20.0,value per source interval,one_to_one_episode,4219,3,0,0,3,0,,0.0,,0.0,,0.0,,,,,continuous_historical,False,shadow_only,
holdout_2026_h1,METEOFRANCE_ARPEGE_WORLD,1,cadence_aware_episode,20.0,20.0,value per source interval,one_to_one_episode,4219,3,0,0,3,0,,0.0,,0.0,,0.0,,,,,continuous_historical,False,shadow_only,1
holdout_2026_h1,METEOFRANCE_ARPEGE_WORLD,1,complete_3h_same_numeric,20.0,20.0,value/3h,complete_3h_sum,1395,4,0,0,4,0,1391,0.0,,0.0,0.0,0.0,,,32.025,-32.025,continuous_historical,False,shadow_only,
holdout_2026_h1,METEOFRANCE_ARPEGE_WORLD,1,complete_3h_rate_equivalent,20.0,60.0,value/3h,complete_3h_sum,1395,0,0,0,0,0,1395,,,,,,,,,,continuous_historical,False,shadow_only,
holdout_2026_h1,UKMO_GLOBAL_10KM,1,strict_hourly,0.1,0.1,value per source interval,sample,4224,348,829,129,219,700,3176,0.3707,0.8444,0.1231,0.1167,2.38218,0.0,0.0,,,continuous_historical,False,shadow_only,
holdout_2026_h1,UKMO_GLOBAL_10KM,1,episode_pm1h,0.1,0.1,value per source interval,one_to_one_episode,4224,173,255,46,127,209,,0.2659,0.8196,0.1204,,1.47399,0.5,0.065,2.996,-0.457,continuous_historical,False,shadow_only,
holdout_2026_h1,UKMO_GLOBAL_10KM,1,episode_pm2h,0.1,0.1,value per source interval,one_to_one_episode,4224,173,255,72,101,183,,0.4162,0.7176,0.2022,,1.47399,1.042,-0.069,3.382,-1.263,continuous_historical,False,shadow_only,
holdout_2026_h1,UKMO_GLOBAL_10KM,1,cadence_aware_episode,0.1,0.1,value per source interval,one_to_one_episode,4224,173,255,46,127,209,,0.2659,0.8196,0.1204,,1.47399,0.5,0.065,2.996,-0.457,continuous_historical,False,shadow_only,1
holdout_2026_h1,UKMO_GLOBAL_10KM,1,complete_3h_same_numeric,0.1,0.1,value/3h,complete_3h_sum,1399,222,425,116,106,309,868,0.5225,0.7271,0.2185,0.1896,1.91441,0.0,0.0,2.998,-1.164,continuous_historical,False,shadow_only,
holdout_2026_h1,UKMO_GLOBAL_10KM,1,complete_3h_rate_equivalent,0.1,0.30000000000000004,value/3h,complete_3h_sum,1399,128,288,68,60,220,1051,0.5312,0.7639,0.1954,0.2293,2.25,0.0,0.0,4.769,-2.314,continuous_historical,False,shadow_only,
holdout_2026_h1,UKMO_GLOBAL_10KM,1,strict_hourly,1.0,1.0,value per source interval,sample,4224,95,249,23,72,226,3903,0.2421,0.9076,0.0717,0.1046,2.62105,0.0,0.0,,,continuous_historical,False,shadow_only,
holdout_2026_h1,UKMO_GLOBAL_10KM,1,episode_pm1h,1.0,1.0,value per source interval,one_to_one_episode,4224,67,106,17,50,89,,0.2537,0.8396,0.109,,1.58209,0.647,-0.294,4.782,-1.688,continuous_historical,False,shadow_only,
holdout_2026_h1,UKMO_GLOBAL_10KM,1,episode_pm2h,1.0,1.0,value per source interval,one_to_one_episode,4224,67,106,28,39,78,,0.4179,0.7358,0.1931,,1.58209,1.179,-0.679,5.286,-2.086,continuous_historical,False,shadow_only,
holdout_2026_h1,UKMO_GLOBAL_10KM,1,cadence_aware_episode,1.0,1.0,value per source interval,one_to_one_episode,4224,67,106,17,50,89,,0.2537,0.8396,0.109,,1.58209,0.647,-0.294,4.782,-1.688,continuous_historical,False,shadow_only,1
holdout_2026_h1,UKMO_GLOBAL_10KM,1,complete_3h_same_numeric,1.0,1.0,value/3h,complete_3h_sum,1399,91,172,34,57,138,1170,0.3736,0.8023,0.1485,0.1896,1.89011,0.0,0.0,5.73,-3.98,continuous_historical,False,shadow_only,
holdout_2026_h1,UKMO_GLOBAL_10KM,1,complete_3h_rate_equivalent,1.0,3.0,value/3h,complete_3h_sum,1399,48,95,12,36,83,1268,0.25,0.8737,0.0916,0.1281,1.97917,0.0,0.0,9.048,-7.552,continuous_historical,False,shadow_only,
holdout_2026_h1,UKMO_GLOBAL_10KM,1,strict_hourly,1.5,1.5,value per source interval,sample,4224,79,176,19,60,157,3988,0.2405,0.892,0.0805,0.1265,2.22785,0.0,0.0,,,continuous_historical,False,shadow_only,
holdout_2026_h1,UKMO_GLOBAL_10KM,1,episode_pm1h,1.5,1.5,value per source interval,one_to_one_episode,4224,56,84,16,40,68,,0.2857,0.8095,0.129,,1.5,0.625,-0.25,4.931,-1.644,continuous_historical,False,shadow_only,
holdout_2026_h1,UKMO_GLOBAL_10KM,1,episode_pm2h,1.5,1.5,value per source interval,one_to_one_episode,4224,56,84,22,34,62,,0.3929,0.7381,0.1864,,1.5,1.0,-0.364,6.191,-2.836,continuous_historical,False,shadow_only,
holdout_2026_h1,UKMO_GLOBAL_10KM,1,cadence_aware_episode,1.5,1.5,value per source interval,one_to_one_episode,4224,56,84,16,40,68,,0.2857,0.8095,0.129,,1.5,0.625,-0.25,4.931,-1.644,continuous_historical,False,shadow_only,1
holdout_2026_h1,UKMO_GLOBAL_10KM,1,complete_3h_same_numeric,1.5,1.5,value/3h,complete_3h_sum,1399,77,144,27,50,117,1205,0.3506,0.8125,0.1392,0.186,1.87013,0.0,0.0,6.551,-4.642,continuous_historical,False,shadow_only,
holdout_2026_h1,UKMO_GLOBAL_10KM,1,complete_3h_rate_equivalent,1.5,4.5,value/3h,complete_3h_sum,1399,32,53,4,28,49,1318,0.125,0.9245,0.0494,0.0675,1.65625,0.0,0.0,11.891,-11.347,continuous_historical,False,shadow_only,
holdout_2026_h1,UKMO_GLOBAL_10KM,1,strict_hourly,5.0,5.0,value per source interval,sample,4224,30,34,3,27,31,4163,0.1,0.9118,0.0492,0.0869,1.13333,0.0,0.0,,,continuous_historical,False,shadow_only,
holdout_2026_h1,UKMO_GLOBAL_10KM,1,episode_pm1h,5.0,5.0,value per source interval,one_to_one_episode,4224,26,20,2,24,18,,0.0769,0.9,0.0455,,0.76923,0.0,0.0,16.6,-12.8,continuous_historical,False,shadow_only,
holdout_2026_h1,UKMO_GLOBAL_10KM,1,episode_pm2h,5.0,5.0,value per source interval,one_to_one_episode,4224,26,20,4,22,16,,0.1538,0.8,0.0952,,0.76923,1.0,0.0,16.15,-14.25,continuous_historical,False,shadow_only,
holdout_2026_h1,UKMO_GLOBAL_10KM,1,cadence_aware_episode,5.0,5.0,value per source interval,one_to_one_episode,4224,26,20,2,24,18,,0.0769,0.9,0.0455,,0.76923,0.0,0.0,16.6,-12.8,continuous_historical,False,shadow_only,1
holdout_2026_h1,UKMO_GLOBAL_10KM,1,complete_3h_same_numeric,5.0,5.0,value/3h,complete_3h_sum,1399,30,46,3,27,43,1326,0.1,0.9348,0.0411,0.0544,1.53333,0.0,0.0,12.383,-11.803,continuous_historical,False,shadow_only,
holdout_2026_h1,UKMO_GLOBAL_10KM,1,complete_3h_rate_equivalent,5.0,15.0,value/3h,complete_3h_sum,1399,8,7,0,8,7,1384,0.0,1.0,0.0,-0.0054,0.875,,,23.062,-23.062,continuous_historical,False,shadow_only,
holdout_2026_h1,UKMO_GLOBAL_10KM,1,strict_hourly,10.0,10.0,value per source interval,sample,4224,15,3,0,15,3,4206,0.0,1.0,0.0,-0.0012,0.2,,,,,continuous_historical,False,shadow_only,
holdout_2026_h1,UKMO_GLOBAL_10KM,1,episode_pm1h,10.0,10.0,value per source interval,one_to_one_episode,4224,14,2,0,14,2,,0.0,1.0,0.0,,0.14286,,,,,continuous_historical,False,shadow_only,
holdout_2026_h1,UKMO_GLOBAL_10KM,1,episode_pm2h,10.0,10.0,value per source interval,one_to_one_episode,4224,14,2,0,14,2,,0.0,1.0,0.0,,0.14286,,,,,continuous_historical,False,shadow_only,
holdout_2026_h1,UKMO_GLOBAL_10KM,1,cadence_aware_episode,10.0,10.0,value per source interval,one_to_one_episode,4224,14,2,0,14,2,,0.0,1.0,0.0,,0.14286,,,,,continuous_historical,False,shadow_only,1
holdout_2026_h1,UKMO_GLOBAL_10KM,1,complete_3h_same_numeric,10.0,10.0,value/3h,complete_3h_sum,1399,17,18,1,16,17,1365,0.0588,0.9444,0.0294,0.0452,1.05882,0.0,0.0,17.312,-17.312,continuous_historical,False,shadow_only,
holdout_2026_h1,UKMO_GLOBAL_10KM,1,complete_3h_rate_equivalent,10.0,30.0,value/3h,complete_3h_sum,1399,3,0,0,3,0,1396,0.0,,0.0,0.0,0.0,,,31.633,-31.633,continuous_historical,False,shadow_only,
holdout_2026_h1,UKMO_GLOBAL_10KM,1,strict_hourly,20.0,20.0,value per source interval,sample,4224,3,0,0,3,0,4221,0.0,,0.0,0.0,0.0,,,,,continuous_historical,False,shadow_only,
holdout_2026_h1,UKMO_GLOBAL_10KM,1,episode_pm1h,20.0,20.0,value per source interval,one_to_one_episode,4224,3,0,0,3,0,,0.0,,0.0,,0.0,,,,,continuous_historical,False,shadow_only,
holdout_2026_h1,UKMO_GLOBAL_10KM,1,episode_pm2h,20.0,20.0,value per source interval,one_to_one_episode,4224,3,0,0,3,0,,0.0,,0.0,,0.0,,,,,continuous_historical,False,shadow_only,
holdout_2026_h1,UKMO_GLOBAL_10KM,1,cadence_aware_episode,20.0,20.0,value per source interval,one_to_one_episode,4224,3,0,0,3,0,,0.0,,0.0,,0.0,,,,,continuous_historical,False,shadow_only,1
holdout_2026_h1,UKMO_GLOBAL_10KM,1,complete_3h_same_numeric,20.0,20.0,value/3h,complete_3h_sum,1399,4,1,0,4,1,1394,0.0,1.0,0.0,-0.0011,0.25,,,29.95,-29.95,continuous_historical,False,shadow_only,
holdout_2026_h1,UKMO_GLOBAL_10KM,1,complete_3h_rate_equivalent,20.0,60.0,value/3h,complete_3h_sum,1399,0,0,0,0,0,1399,,,,,,,,,,continuous_historical,False,shadow_only,
